,text,rating
0,Cuá»‘n sÃ¡ch nÃ y nhÆ° kiá»ƒu lÃ  viáº¿t láº¡i content tá»« chÃ­nh kÃªnh youtube cá»§a tÃ¡c giáº£ nÃ y. CÅ©ng lÃ  nhá»¯ng bÃ i há»c chung chung tá»« cÃ¡c vÄ© nhÃ¢n trÃªn tháº¿ giá»›i rá»“i tá»•ng há»£p láº¡i nÃ³i vÃ i ba cÃ¢u Ã½ nghÄ©a. Mua á»§ng há»™ tÃ¡c giáº£ Viá»‡t Nam mÃ  tá»‡ quÃ¡. Tháº¥t vá»ng.,1
1,"MÃ¬nh Ä‘Ã¡nh giÃ¡ lÃ  â€œcho ngÆ°á»i má»›i tÃ¬m hiá»ƒuâ€ vÃ¬ háº§u háº¿t ná»™i dung sáº½ khÃ´ng khÃ¡c gÃ¬ cÃ¡c tá»±a sÃ¡ch truyá»n cáº£m há»©ng cho báº£n thÃ¢n khÃ¡c. ÄÃ¢y lÃ  1 cuá»‘n sÃ¡ch khÃ´ng tá»‡, nhÆ°ng nÃ³i tháº­t lÃ  khÃ´ng Ä‘áº·c sáº¯c cho láº¯m",3
2,"Táº¥t cáº£ cÃ¡c váº¥n Ä‘á» tÃ¡c giáº£ Ä‘Æ°a ra khÃ´ng cÃ³ gÃ¬ má»›i! Náº¿u ai Ä‘Ã£ tá»«ng Ä‘á»c cÃ¡c loáº¡i sÃ¡ch phÃ¡t triá»ƒn báº£n thÃ¢n thÃ¬ sáº½ tháº¥y, sÃ¡ch nÃ y chá»‰ lÃ  tÃ³m táº¯t láº¡i ná»™i dung cÃ¡c cuá»‘n khÃ¡c thÃ´i.",3
3,KhÃ¡ tháº¥t vá»ng. Cá»‘ gáº¯ng Ä‘á»c háº¿t cuá»‘n sÃ¡ch nhÆ°ng khÃ´ng Ä‘á»ng láº¡i Ä‘c gÃ¬. Cáº£m giÃ¡c cuá»‘n sÃ¡ch lÃ  má»™t má»› há»—n Ä‘á»™n ná»™i dung. Hy vá»ng nhiá»u nÃªn tháº¥t vá»ng cÅ©ng nhiá»u,1
4,Táº¡m hÃ i lÃ²ng. Anh viáº¿t chÆ°Æ¡ng 7 sÆ¡ sÃ i nha anh ThÃ¡i. TÃ´i mong Ä‘á»£i nhiá»u hÆ¡n á»Ÿ quyá»ƒn sÃ¡ch nÃ y vÃ¬ anh lÃ m quáº£ng cÃ¡o vÃ  lÃ m hÃ¬nh áº£nh cho nÃ³ quÃ¡ nhiá»u.,3
5,"KhÃ´ng hay nhÆ° nhá»¯ng gÃ¬ mÃ¬nh ká»³ vá»ng. cháº¯c cho mÃ¬nh ká»³ vá»ng quÃ¡ lá»›n. NhÆ°ng mÃ¬nh cÅ©ng rÃºt ra Ä‘Æ°á»£c má»™t vÃ i kinh nghiá»‡m.
Cáº£m Æ¡n nhiá»u!",3
6,ngoÃ i Ä‘áº¹p ra thÃ¬ khÃ´ng cÃ³ nhiá»u giÃ¡ trá»‹. cuá»‘n sÃ¡ch háº§u nhÆ° Ä‘á»u tá»•ng há»£p tá»« cÃ¡c cuá»‘n sÃ¡ch ná»•i tiáº¿ng khÃ¡c. hÆ¡i tháº¥t vá»ng,2
7,tÃ¡c giáº£ hÆ¡i bá»‹ tá»± phá»¥. ná»™i dung lan man máº·c dÃ¹ mÃ¬nh biáº¿t anh dáº¡y kiáº¿n thá»©c cÆ¡ báº£n ráº¥t hay,2
8,"OK, chÆ°a Ä‘á»c háº¿t nÃ³.má»—i ngÃ y Ä‘á»c má»™t chÃºt vÃ  nghiá»n ngáº«m vá» cá»‘t truyá»‡n.",1
9,"Ná»™i dung ko má»›i , chá»‰ lÃ  há»‡ thá»‘ng láº¡i . SÃ¡ch  phÃ¹ há»£p vá»›i lá»©a tuá»•i Ä‘Ã´i mÆ°Æ¡i.",3
10,"Nhá»¯ng trang Ä‘áº§u Ä‘á»c thÃ¬ ráº¥t hÃ o há»©ng, vá» sau Ä‘á»c khÃ³ tiáº¿p thu",1
11,"SÃ¡ch ko cÃ³ gÃ¬ hay, ai thÃ­ch mÃ¬nh bÃ¡n láº¡i nÃ¨",1
12,"bÃ¬nh thÆ°á»ng, khÃ´ng cÃ³ gÃ¬ Ä‘áº·c sáº¯c so vá»›i cÃ¡c quyá»ƒn self-help khÃ¡c",3
13,hÃ ng ráº¥t tá»‘t nhÆ°ng bao sÃ¡ch ko ká»¹,3
14,ná»™i dung cÅ©ng táº¡m Ä‘Æ°á»£c thÃ´i,3
15,"Ná»™i dung thá»±c táº¿, Ä‘ang chuáº©n bá»‹ cá»¥ thá»ƒ cho cuá»™c Ä‘á»i",3
16,ná»™i dung nhÆ° cuá»‘n version 01,3
17,khong thich cuon sach nay,1
18,SÃ¡ch toÃ n Ä‘á» cáº­p Ä‘áº¿n nhá»¯ng khÃ¡i niá»‡m sinh há»c kÃ­ch thÃ­ch-pháº£n á»©ng gÃ¢y khÃ³ hiá»ƒu vÃ  khÃ³ tiáº¿p thu. ÄÃ´i lÃºc sÃ¡ch chÆ°a giáº£i thÃ­ch rÃµ váº¥n Ä‘á» muá»‘n truyá»n Ä‘áº¡t cho Ä‘á»c giáº£ nÃªn sau khi Ä‘á»c ngÆ°á»i Ä‘á»c váº«n mÆ¡ há»“ khÃ´ng biáº¿t pháº§n nÃ y lÃ  nhÆ° tháº¿ nÃ o.,1
19,"MÃ¬nh hÆ¡i bá»±c mÃ¬nh khi tháº¥y pháº§n header sai chÃ­nh táº£. Háº³n lÃ  ""Táº¥m lÃ½ há»c hÃ nh vi"". VÃ  vÃ¬ header nÃªn trang nÃ o cÅ©ng váº­y. LÃ m tá»¥t mood Ä‘á»c háº³n áº¡.",3
20,"VÄƒn phÃ²ng cá»§a tÃ¡c giáº£ Trung Quá»‘c khÃ´ng phÃ¹ há»£p, sÃ¡ch khÃ´ng mang láº¡i kiá»ƒu thÃ´ng tin khoa há»c, lÃ²ng ghÃ©p lang mang cÃ¡c chuyá»‡n xÆ°a.",2
21,ná»™i dung khÃ´ng háº¥p dáº«n. kiáº¿n thá»©c cÆ¡ báº£n khÃ´ng Ä‘Ã o sÃ¢u quÃ¡ nhiá»u. Ä‘á»c cho vui thÃ¬ Ä‘Æ°á»£c.,3
22,"Hay, rÃµ rÃ ng dá»… hiá»ƒu. Báº¡n nÃ o muá»‘n tham kháº£o thÃªm vá» ngÃ nh nÃ y thÃ¬ cÃ³ thá»ƒ Ä‘á»c cuá»‘n nÃ y",3
23,"dá»Ÿ, ko Ä‘Ã¡ng tiá»n, ko nÃªn mua",2
24,Ná»™i dung lan man ko Ä‘áº·c sáº¯c,2
25,Bá»‘ cá»¥c ná»™i dung khÃ¡ lan man,3
26,ná»™i dung khÃ´ng quÃ¡ háº¥p dáº«n,2
27,"Ná»™i dung chung chung ,lan man",1
28,ChÆ°a Ä‘á»c nÃªn chÆ°a rÃµ ná»™i dung,3
29,"thÃ¢Ìt voÌ£ng vÃªÌ€ nÃ´Ì£i dung, saÌch triÌ€nh baÌ€y Ä‘eÌ£p",3
30,SÃ¡ch dá»‹ch khÃ¡ chÃ¡n Ä‘á»c lá»§ng cá»§ng,3
31,"Es geffÃ¤lt mir gut, aber ich schÃ¤tze es nicht.",3
32,nhÆ° sÃ¡ch chuyÃªn khoa ngÃ nh tÃ¢m lÃ½ ğŸ˜‚,3
33,HÆ¡i khÃ³ hiá»ƒu vÃ  khoa há»c   .,3
34,"bÃ¬nh thÆ°á»ng, bÃ¬nh thÆ°á»ng bÃ¬nh",3
35,Sach dep nhung noi dung khong nhu mong doi,2
36,"Ná»™i dung ko hay, dÃ i dÃ²ng lan man",1
37,"ná»­a Ä‘áº§u sÃ¡ch viáº¿t vá» ""thá»ƒ Ã½ thá»©c"" vÃ  ""thá»ƒ vÃ´ thá»©c"" ráº¥t hay. ThÃªm pháº§n Ã¡p dá»¥ng tá»± ká»‰ Ã¡m thá»‹ trong giÃ¡o dá»¥c tráº» em cÅ©ng ráº¥t há»¯u Ã­ch. Ná»­a sau sÃ¡ch thÃ¬ Ä‘á»c hÆ¡i bá»‹ háº«ng",3
38,Pháº§n Ä‘áº§u phÃ¹ há»£p nhÆ°ng pháº§n sau thiÃªn vá» cÃ¡ch á»©ng dá»¥ng vá»›i cÃ¡c bá»‡nh cá»¥ thá»ƒ khÃ´ng nhÆ° ká»³ vá»ng ban Ä‘áº§u cá»§a mÃ¬nh,3
39,SÃ¡ch cÃ³ nhiá»u lá»—i chÃ­nh táº£,1
40,"SÃ¡ch ká»ƒ lÃ²ng vÃ²ng, hoáº·c cÃ³ thá»ƒ vá»›i báº£n thÃ¢n khÃ´ng há»£p!",1
41,SÃ¡ch khÃ´ng phÃ¹ há»£p vá»›i tÃ´i,3
42,ko hay bang 'think and grow rich' cua napoleon hill,2
43,kÃ©m Ä‘á»«ng mua phÃ­ tiá»n láº¯m,1
44,"CÅ©ng hay nhÆ°ng mÃ  tháº¥y nhiá»u cÃ¡i Ä‘Ã£ tá»«ng Ä‘á»c, nhá»¯ng báº¡n khÃ¡c chia sáº», ko cÃ³ nhiá»u Ä‘iá»ƒm riÃªng vá»›i láº¡i á»Ÿ Viá»‡t Nam thÃ¬ hÆ¡i khÃ³ dÃ¹ng vÃ¬ háº§u háº¿t nhá»¯ng Ä‘Æ°á»ng dáº«n giá»›i thiá»‡u trong sÃ¡ch toÃ n lÃ  cÃ¡c nÆ°á»›c phÆ°Æ¡ng TÃ¢y. Truy cáº­p website cÅ©ng khÃ³ khÄƒn, khÃ³ sá»­ dá»¥ng.",3
45,"SÃ¡ch Ä‘á» cáº­p ráº¥t nhiá»u Ä‘áº¿n nhá»¯ng báº¡n lÃ m tá»± do trong ngÃ nh sÃ¡ng táº¡o, mÃ¬nh khÃ´ng pháº£i Ä‘á»‘i tÆ°á»£ng Ä‘Ã³ nÃªn khÃ´ng Ã­t láº§n tháº¥y ná»™i dung cháº³ng liÃªn quan gÃ¬ Ä‘áº¿n mÃ¬nh.",2
46,"Äá»c sÆ¡ qua tháº¥y nÃ³ cháº³ng dÃ nh cho Ä‘áº¡i chÃºng, sÃ¡ch dÃ nh cho giá»›i sÃ¡ng táº¡o. NÃªn Ä‘á»c cháº£ cÃ³ Ã­ch gÃ¬  vá»›i cÃ¡ nhÃ¢n.",2
47,Kiá»ƒu nhÆ° báº¡n Ä‘áº·t má»¥c tiÃªu nÃ y thÃ¬ hÃ£y hoÃ n thÃ nh nÃ³. Æ¯u tiÃªn lá»£i tháº¿ cá»§a mÃ¬nh.,3
48,SÃ¡ch khÃ´ng hay khi review hoáº·c lÃ  khÃ´ng há»£p vá»›i mÃ¬nh,1
49,SÃ¡ch hÃ¬nh thá»©c Ä‘áº¹p nhÆ°ng ná»™i dung quen thuá»™c quÃ¡ rÃ¹i nÃªn Ä‘á»c ko cÃ³ gÃ¬ Ä‘áº·c sáº¯c,3
50,Ráº¥t hay. NhÆ°ng ndung chÆ°a Ä‘c sÃ¢u láº¯m,3
51,cuá»‘n sÃ¡ch ko hay nhÆ° mong Ä‘á»£i,2
52,Sp dÃ nh cho báº¡n nÃ o chÆ°a Ä‘i lÃ m.,3
53,MÃ¬nh Ä‘á»c nhiá»u nÃªn cuá»‘n nÃ y cho mÃ¬nh khÃ¡ Ã­t thÃ´ng tin,3
54,Ná»™i dung cÅ©ng táº¡m,3
55,Ko cÃ³ gÃ¬ hay ho cho máº¥y..,2
56,"CÃ¡ch viáº¿t khÃ´ng háº¥p dáº«n láº¯m. Nhiá»u nhÃ¢n váº­t nhÆ°ng dÆ°á»ng nhÆ° khÃ´ng cÃ³ tÃ­nh cÃ¡ch riÃªng, cÃ¹ng 1 quan Ä‘iá»ƒm nÃªn cá»© nhÆ° chá»‰ cÃ³ 1 ngÆ°á»i trÃ¬nh bÃ y. Ná»™i dung cÃ³ váº» mang hÆ¡i hÆ°á»›ng Ä‘áº¡o Pháº­t.",3
57,"CÃ¡ nhÃ¢n mÃ¬nh thÃ¬ tháº¥y bÃ¬nh thÆ°á»ng, nhiá»u cuá»‘n Ä‘Ã£ viáº¿t tráº£i nghiá»‡m kiá»ƒu nÃ y nÃªn cÃ¡ nhÃ¢n mÃ¬nh khÃ´ng tháº¥y cÃ³ gÃ¬ ná»•i báº­t, nÃ³i chung Ä‘á»c cÅ©ng Ä‘Æ°á»£c nhÆ°ng khÃ´ng thá»±c sá»± cuá»‘n hÃºt!",3
58,"SÃ¡ch in giáº¥y cháº¥t lÆ°á»£ng, in mÃ u rÃµ rÃ ng, bá»‘ cá»¥c sÃ¡ch ráº¥t tá»‘t. Ná»™i dung sÃ¡ch thÃ¬ cÅ©ng táº¡m Ä‘Æ°á»£c, cÃ¡ nhÃ¢n cáº£m nháº­n ná»™i dung thÃ¬ khÃ´ng quÃ¡ hay nhÆ° cÃ¡c review cá»§a ae trÃªn máº¡ng tá»«ng review.",3
59,SÃ¡ch tÃ¢m linh mÃ  viáº¿t sao giá»‘ng tiá»ƒu thuyáº¿t quÃ¡. Äá»c mÃ  bÃ¡n tÃ­n bÃ¡n nghi. Ko hay báº±ng cuá»‘n ÄÆ°á»ng mÃ¢y qua xá»© tuyáº¿t,2
60,"Ná»™i dung hÆ¡i lan man, khÃ´ng Ä‘i sÃ¢u vÃ  khÃ³ thuyáº¿t phá»¥c.",3
61,MÃ¬nh khÃ´ng thá»±c sá»± thÃ­ch cuá»‘n nÃ y láº¯m,3
62,"Nháº¡t, ngÃ´n tá»« khÃ³ hiá»ƒu",3
63,ná»™i dung khÃ´ng thuyáº¿t phá»¥c,1
64,"MÃ¬nh nghe review ráº¥t hay vá» sÃ¡ch, nhÆ°ng Ä‘áº·t vá» thÃ¬ nÃ³ k giá»‘ng nhÆ° mÃ¬nh mong Ä‘á»£i. MÃ¬nh tÆ°á»Ÿng nÃ³ sáº½ nÃ³i sÃ¢u hÆ¡n vá» sá»± thÃ´ng minh hiá»ƒu biáº¿t cá»§a trÃ¡i tim cÆ¡ nhÆ°ng mÃ¬nh cáº£m giÃ¡c nÃ³ giá»‘ng kiá»ƒu sÃ¡ch háº¡t giá»‘ng tÃ¢m há»“n. HÆ¡i tháº¥t vá»ng",3
65,sÃ¡ch cÃ³ ná»™i dung dá»… Ä‘á»c. nhÆ°ng mÃ  giáº¥y in ko Ä‘Æ°á»£c Ä‘áº¹p.,3
66,MÃ¬nh ká»³ vá»ng hÆ¡i cao á»Ÿ ná»™i dung cá»§a sÃ¡ch nÃªn...,3
67,"MÃ¬nh chÆ°a Ä‘á»c cuá»‘n nÃ y cá»§a a KiÃªn, nhÆ°ng Ä‘Ã£ hoÃ n thÃ nh 3 cuá»‘n self-help vÃ  má»™t sá»‘ sÃ¡ch PDF vá» IELTS dá»Ÿ dang. 
MÃ¬nh Ä‘Ã¡nh giÃ¡ 1* vÃ¬ nhá»¯ng gÃ¬ A KiÃªn Ä‘Ã¡p láº¡i vá»›i dÆ° luáº­n sau sá»± viá»‡c a *** báº£ng Ä‘iá»ƒm IELTS vÃ  lÃ­ giáº£i vá»›i lÃ­ do ráº±ng : ""khÃ´ng pháº£i ai cÅ©ng hoÃ n háº£o, báº¡n Ä‘Ã£ hoÃ n háº£o chÆ°a, vÃ  anh cÅ©ng váº­y"".
VÃ  tiÃªu Ä‘á» sÃ¡ch cá»§a a láº¡i lÃ  ""Äá»ªNG CHáº Y THEO Sá» ÄÃ”NG"", a Ä‘Ã£ Ä‘i ngÆ°á»£c láº¡i vá»›i nhá»¯ng gÃ¬ anh viáº¿t, tháº­t Ä‘Ã¡ng buá»“n. MÃ¬nh chá»‰ rate 1* cuá»‘n nÃ y vÃ¬ Ã½ nghÄ©a cá»§a nÃ³ trÃ¡i ngÆ°á»£c hoÃ n toÃ n vá»›i nhá»¯ng gÃ¬ tÃ¡c giáº£ viáº¿t :D cÃ²n nhá»¯ng cuá»‘n kia, mÃ¬nh tháº¥y Ä‘á»c giáº£ váº«n cÃ³ thá»ƒ tiáº¿p thu tá»« nhá»¯ng tÃ­ch cá»±c A KiÃªn mang láº¡i. 
ÄÃ¢y lÃ  nháº­n xÃ©t cá»§a mÃ¬nh trÃªn phÆ°Æ¡ng diá»‡n Ä‘á»c giáº£ tiáº¿p thu nhá»¯ng tÃ­ch cá»±c cá»§a a tá»« sÃ¡ch, nhÆ°ng cÃ¡ch a KiÃªn Ä‘Ã¡p láº¡i vá»›i dÆ° luáº­n nhÆ° váº­y, mÃ¬nh hoÃ n toÃ n khÃ´ng Ä‘á»“ng tÃ¬nh.",1
68,"Cuá»‘n sÃ¡ch chá»©a nhiá»u tÆ° tÆ°á»Ÿng Ä‘á»™c háº¡i, khÃ´ng phÃ¹ há»£p cho ngÆ°á»i tráº» Ã­t kinh nghiá»‡m dá»… bá»‹ áº£o tÆ°á»Ÿng, lá»‡ch láº¡c suy nghÄ©. TÃ¡c giai tráº» sn 92 vá»«a bá»‹ táº©y chay lÃ m báº±ng giáº£ tiáº¿ng anh, nhÆ°ng láº¡i Ä‘i xuáº¥t báº£n sÃ¡ch dáº¡y tiáº¿ng anh?
Mong mng cÃ¢n nháº¯c & cÃ³ lá»±a chá»n thÃ´ng minh khi mua sÃ¡ch,",1
69,"MÃ¬nh tháº¥y má»™t sá»‘ kiáº¿n thá»©c cÃ³ Ã­ch vÃ  truyá»n Ä‘á»™c lá»±c cho cÃ¡c báº¡n tráº» dÃ¡m bá»©t ra khá»i vÃ¹ng an toÃ n. Tuy nhiÃªn , má»™t sá»‘ quan Ä‘iá»ƒm bá»‹ trÃ¹ng láº·p nhiá»u trong quÃ¡ trÃ¬nh diá»…n giáº£i , hÃ¬nh áº£nh minh há»a, ghi chÃº chÆ°a Ä‘áº·c sáº¯c nhÆ°ng láº¡i (dÆ°á»ng nhÆ°) phÃ³ng to Ä‘á»ƒ tÄƒng Ä‘á»™ dÃ y cho sÃ¡ch? TÃ³m táº¯t ná»™i dung cá»§a cuá»‘n sÃ¡ch nÃ y lÃ : hÃ£y thoÃ¡t khá»i tÆ° duy lÃ m thuÃª vÃ  táº¡o ra cÃ¡c dÃ²ng tiá»n thá»¥ Ä‘á»™ng khÃ¡c nhau.",3
70,"Nhiá»u tÆ° tÆ°á»Ÿng sai lá»‡ch Ä‘áº§u Ä‘á»™c giá»›i tráº», khÃ´ng xem trá»ng vai trÃ² cá»§a giÃ¡o dá»¥c, xem thÆ°á»ng khÃ¡t vá»ng vÆ°Æ¡n lÃªn thÃ nh cÃ´ng cá»§a phá»¥ ná»¯, xem thÆ°á»ng nhá»¯ng ngÆ°á»i lÃ m cÃ´ng viá»‡c chuyÃªn mÃ´n cho ngÆ°á»i khÃ¡c. Tá»± huyá»…n hoáº·c mÃ¬nh cÃ³ nhiá»u hiá»ƒu biáº¿t vá» chuyÃªn mÃ´n, nhÆ°ng kiáº¿n thá»©c sÆ¡ xÃ i, náº¿u khÃ´ng chá»n lá»c cáº©n tháº­n, dá»… bá»‹ sÃ¡ch dáº¯t mÅ©i",1
71,"Nhiáº¿u Ã½ tÆ°á»Ÿng lá»‡ch láº¡c vÃ  nÃ´ng cáº¡n kinh khá»§ng! Nhá»¯ng Ã½ tÆ°á»Ÿng tá»‘t thÃ¬ toÃ n Ä‘i copy. TÃ¡c giáº£ nÃ³i dá»‘i vá» Ä‘iá»ƒm thi IELTS Ä‘á»ƒ gÃ¢y dá»±ng tÃªn tuá»•i vÃ  tiáº¿p thá»‹ sÃ¡ch, saigonbooks sau khu biáº¿t chuyá»‡n Ä‘Ã£ xÃ³a thÃ´ng tin trÃªn website nhÆ°ng khÃ´ng cho thu há»“i cuá»‘n sÃ¡ch vÃ  váº«n bÃ¡n trÃªn nÃ y! RÃµ rÃ ng lÃ  vÃ´ trÃ¡ch nhiá»‡m. Táº©y chay cÃ¡i nhÃ  xuáº¥t báº£n nÃ y forever!",1
72,"Mua sÃ¡ch vÃ¬ cÃ³ vÃ´ tÃ¬nh nghe Ä‘Æ°á»£c vÃ i podcast cá»§a tÃ¡c giáº£, tháº¥y khÃ¡ áº¥n tÆ°á»£ng vÃ¬ cÃ³ nhiá»u gÃ³c nhÃ¬n tháº³ng tháº¯n, trá»±c diá»‡n.
Tuy nhiÃªn, mÃ¬nh Ä‘á»c Ä‘Æ°á»£c 30 chÆ°Æ¡ng thÃ¬ ngÆ°ng vÃ  ko Ä‘á»c ná»¯a vÃ¬ tháº¥y nhiá»u Ä‘iá»ƒm vÃ´ lÃ½ vÃ  chá»§ quan tá»« phÃ­a tÃ¡c giáº£. Cháº¯c mÃ¬nh ko há»£p vá»›i giá»ng vÄƒn vÃ  lá»‘i hÃ nh vÄƒn nhÆ° tháº¿ nÃ y láº¯m.",3
73,"SÃ¡ch rÃ¡c...khÃ´ng nÃªn mua!!!
Ná»™i dung sÃ¡o rá»—ng, chá»©a nhiá»u tÆ° tÆ°á»Ÿng Ä‘á»™c háº¡i, Ä‘Ã¡nh trÃ¡o khÃ¡i niá»‡m. TÃ¡c giáº£ cÃ³ nhiá»u vÃ­ dá»¥ mang tÃ­nh quy chá»¥p, chá»‰ dá»±a trÃªn 1 vÃ­ dá»¥ nhá» mÃ  Ä‘Ã¡nh giÃ¡ toÃ n bá»™ sá»± viá»‡c.
CÃ¡c báº¡n tráº» nÃªn trÃ¡nh xa cuá»‘n sÃ¡ch nÃ y vÃ  tá»‰nh tÃ¡o hÆ¡n trong viá»‡c lá»±a chá»n sÃ¡ch self help .",1
74,Cháº¯c lÃ  do báº£n thÃ¢n cÃ²n hÆ¡i cÃ³ thÃ nh kiáº¿n vá»›i tÃ¡c giáº£ viá»‡t nam vá» nhá»¯ng cuá»‘n sÃ¡ch chá»§ Ä‘á» self-help vÃ¬ khÃ´ng muá»‘n ngÆ°á»i viá»‡t láº¡i chÃª ngÆ°á»i viá»‡t nhÆ°ng cáº£m tháº¥y á»Ÿ ngÆ°á»i Viá»‡t tÆ° duy váº«n cÃ²n cÃ³ gÃ¬ Ä‘Ã³ ko á»•n nÃªn náº¿u ko nhÃ¬n láº§m tÃªn tÃ¡c giáº£ thÃ nh tÃªn ngÆ°á»i dá»‹ch thÃ¬ cháº¯c lÃ  ko mua.. vá»«a tÃ­nh Ä‘á»c thá»­ xem tháº¿ nÃ o thÃ¬ nhÃ¬n tháº¥y phá»‘t khÃ¡ nhiá»u vá» báº¡n tÃ¡c giáº£ nÃ y nÃªn bá» 1 gá»‘c tá»« lÃºc mua tá»›i giá».. Xin lá»—i náº¿u Ã½ kiáº¿n cá»§a báº£n thÃ¢n cÃ³ hÆ¡i lá»‡ch láº¡c.,1
75,"cuá»‘n sÃ¡ch nÃ y mÃ¬nh Ä‘Ã¡nh giÃ¡ 3 sao. cÃ³ nhá»¯ng Ä‘iá»u má»›i vÃ  thá»±c táº¿, tuy váº­y trong Ä‘Ã³ Ã½ chÃ­ chá»§ quan cá»§a tÃ¡c giáº£ nhiá»u, sÆ¡ lÆ°á»£c qua thÃ¬ tháº¥y á»•n nhÆ°ng hÃ¬nh nhÆ° tÃ¡c giáº£ cÃ²n thiáº¿u chiá»u sÃ¢u dáº¡ng nhÆ° thiáº¿u Ä‘á»™ chÃ­n so vá»›i cÃ¢u chá»¯ Ä‘Æ°á»£c viáº¿t ra. sáº½ lÃ  má»™t sá»± cá»• sÃºy hÆ¡i tiÃªu cá»±c cho cÃ¡c báº¡n Ä‘á»c cÃ²n tráº» , chÆ°a tráº£i nghiá»‡m nhiá»u vá» má»™t sá»‘ váº¥n Ä‘á» giÃ¡o dá»¥c, cÃ´ng viá»‡c, tÆ° duy kiáº¿m tiá»n. hy vá»ng láº§n tÃ¡i báº£n sau tÃ¡c giáº£ sáº½ cá»§ng cá»‘ Ä‘Æ°á»£c quan Ä‘iá»ƒm Ä‘Æ°a ra trong sÃ¡ch rÃµ vÃ  khoa há»c hÆ¡n.",3
76,"SÃ¡ch cÃ³ nhiá»u gÃ³c nhÃ¬n khÃ¡c láº¡, vÃ i Ä‘iá»ƒm cÅ©ng Ä‘Ã¡ng lÆ°u tÃ¢m. Tuy nhiÃªn nhÃ¬n chung tÃ¡c giáº£ viáº¿t báº±ng tÆ° duy vÃ  kinh nghiá»‡m cá»±c ká»³ chá»§ quan cá»§a mÃ¬nh, nÃªn tá»•ng thá»ƒ thÃ¬ láº¡i rá»‘i ráº¯m vÃ  nhiá»u luáº­n Ä‘iá»ƒm sai láº§m.
SÃ¡ch tÆ°Æ¡ng Ä‘á»‘i dÃ i cho 1 luáº­n Ä‘iá»ƒm chÃ­nh, dáº«n tá»›i lÃ²ng vÃ²ng, cÃ³ thá»ƒ lÃ m nhiá»u báº¡n Ä‘á»c xong khÃ´ng giáº£i quyáº¿t Ä‘Æ°á»£c gÃ¬. NgoÃ i ra, chá»§ nghÄ©a vÃ´ tháº§n vÃ  chá»§ nghÄ©a cÃ¡ nhÃ¢n Ã¡p Ä‘áº·t trÃªn sÃ¡ch lÃ  Ä‘iá»u mÃ¬nh khÃ´ng thÃ­ch nháº¥t cá»§a tÃ¡c giáº£.",3
77,"Cuá»‘n sÃ¡ch nÃ y cÃ³ má»™t sá»‘ tÆ° tÆ°á»Ÿng khÃ¡ hay, cÃ³ thá»ƒ cá»• cÅ© thÃªm Ä‘á»™ng lá»±c cho cÃ¡c báº¡n tráº». Tuy nhiÃªn tÃ¡c giáº£ nÃ y Ä‘ang cÃ³ 1 scandal cÅ©ng áº§m Ä© máº¡ng xÃ£ há»™i sau khi phÃ¡t hÃ nh cuá»‘n sÃ¡ch nÃ y. TÃ¡c giÃ¡ trÆ°á»›c Ä‘Ã¢y cÃ³  phÃ¡t hÃ nh cuá»‘n Ielts handbook khÃ¡ ná»•i vÃ  Ä‘ang bá»‹ Ä‘áº·t nghi váº¥n lÃ m giáº£ báº£ng Ä‘iá»ƒm IELTS trong sÃ¡ch, sau Ä‘Ã³ NXB pháº£i thÃ´ng cÃ¡o táº¡m dá»«ng xuáº¥t báº£n cuá»‘n sÃ¡ch nÃ y luÃ´n",3
78,"cáº£m nháº­n tÃ¡c giáº£ ráº¥t táº¥m huyáº¿t Ä‘á»ƒ viáº¿t nÃªn quyá»ƒn sÃ¡ch nÃ y. nhÆ°ng ná»™i dung khÃ¡ chá»§ quan, cÃ³ thá»ƒ lÃ  sá»± lá»‡ch láº¡c vá» tÆ° duy vÃ  Ä‘á»c Ä‘áº¿n gáº§n cuá»‘i thÃ¬ mÃ¬nh tháº¥y chÃ­nh báº£n thÃ¢n tÃ¡c giáº£ cÅ©ng lÃ  ngÆ°á»i Ä‘ang cháº¡y theo Ä‘Ã¡m Ä‘Ã´ng, khi theo Ä‘uá»•i báº±ng cáº¥p Ä‘iá»ƒm sá»‘ Ä‘á»ƒ Ä‘i du há»c, xin viá»‡c lÃ m vÃ  lÃ m thuÃª nhÆ° bao ngÆ°á»i, mÃ  tÃ¡c giáº£ Ä‘ang pháº£n Ä‘á»‘i Ä‘Ã³. sá»‘ng pháº£i lao Ä‘á»™ng, lÃ m viá»‡c thÃ¬ má»›i cÃ³ Äƒn chá»© :)))",2
79,"SÃ¡ch viáº¿t ráº¥t cá»±c Ä‘oan vÃ  phiáº¿n diá»‡n, má»™t sá»‘ tÆ° tÆ°á»Ÿng hay nhÆ°ng cÃ¡ch tiáº¿p cáº­n cá»§a tÃ¡c giáº£ ráº¥t phiáº¿n diá»‡n nÃªn Ä‘á»c tháº¥y khÃ³ chá»‹u. NgÆ°á»i Ä‘á»c náº¿u khÃ´ng tá»‰nh tÃ¡o dá»… bá»‹ cuá»‘n vÃ o gÃ³c nhÃ¬n háº¡n háº¹p cá»§a tÃ¡c giáº£ thÃ¬ vÃ´ cÃ¹ng nguy hiá»ƒm.",1
80,"Nhiá»u tÆ° tÆ°á»Ÿng lá»‡ch láº¡c, mang tÃ­nh cháº¥t thiÃªn kiáº¿n cÃ¡ nhÃ¢n. Nhiá»u Ã½ tÆ°á»Ÿng Ä‘á»c tháº¥p copy giá»‘ng má»™t sá»‘ cuá»‘n sÃ¡ch khÃ¡c cá»§a tÃ¡c giáº£ Cal Newport. Luáº­n Ä‘iá»ƒm Ä‘Æ°a ra lan man nhÆ°ng khÃ´ng tháº­t sá»± Ä‘Æ°a ra dáº«n chá»©ng thuyáº¿t phá»¥c ngÆ°á»i Ä‘á»c.",1
81,"Ná»™i dung mÃ¬nh tháº¥y ko cÃ³ j quÃ¡ ná»•i báº­t , chá»‰ lÃ  há»‡ thá»‘ng láº¡i kiáº¿n thá»©c cá»§a cÃ¡c cuá»‘n sÃ¡ch khÃ¡c rá»“i Ä‘em Ä‘i xÃ o láº¡i . Váº¥n Ä‘á» thá»© 2 dÃ¹ng quÃ¡  nhiá»u tiáº¿ng anh mÃ¬nh tháº¥y khÃ¡ khÃ³ chá»‹u vá» váº¥n Ä‘á» nÃ y .",3
82,"SÃ¡ch viáº¿t khÃ´ng sÃ¢u, ná»™i dung Ä‘Æ¡n giáº£n, ko phÃ¢n tÃ­ch, giáº£i thÃ­ch Ä‘c rÃµ váº¥n Ä‘á» nÃªu ra, k cÃ³ j má»›i máº», vÃ  mÃ¢u thuáº«n vá»›i chÃ­nh nhá»¯ng tráº£i nghiá»‡m há»c táº­p, lÃ m viá»‡c mÃ  tÃ¡c giáº£ Ä‘Ã£ tráº£i qua. K nÃªn Ä‘á»c!!!",2
83,"Sáº£n pháº©m chá»©a Ä‘á»±ng nhiá»u tÆ° tÆ°á»Ÿng Ä‘á»™c háº¡i. Báº£n thÃ¢n tÃ¡c giáº£ lá»«a Ä‘áº£o Ä‘á»™c giáº£ vÃ  ngÆ°á»i hÃ¢m má»™ bÃ¡n thá»±c pháº©m chá»©c nÄƒng giáº£ vá»›i giÃ¡ cao, fake báº±ng ielts Ä‘á»ƒ bÃ¡n sÃ¡ch dáº¡y Ielts, ...",3
84,SÃ¡ch toÃ n tÆ° tÆ°á»Ÿng Ä‘á»™c háº¡i tá»« tÃ¡c giáº£ mÃ  váº«n cÃ³ thá»ƒ qua Ä‘Æ°á»£c bÆ°á»›c duyá»‡t ná»™i dung vÃ  xuáº¥t báº£n. Quyá»n lá»£i cá»§a ngÆ°á»i tiÃªu dÃ¹ng Ä‘ang Ä‘Æ°á»£c Ä‘áº·t á»Ÿ Ä‘Ã¢u?!?,1
85,"SÃ¡ch cháº¥t lÆ°á»£ng tá»‘t

Tuy nhiÃªn ná»™i dung m ko thÃ­ch láº¯m, ná»™i dung phÃ¢n máº£nh vÃ  khÃ´ng sÃ¢u, cÃ¡ nhÃ¢n thÃ´i. MÃ¬nh tháº¥y quyá»ƒn láº­p trÃ¬nh quá»¹ Ä‘áº¡o cuá»™c Ä‘á»i hay hÆ¡n.",3
86,MÃ¬nh thÃ­ch sÃ¡ch cá»§a KiÃªn nhÆ°ng cÃ ng vá» cuá»‘i mÃ¬nh cáº£m giÃ¡c nhÆ° KiÃªn Ä‘ang cá»‘ hoÃ n thÃ nh sÃ¡ch tháº­t nhanh nÃªn khÃ´ng chÄƒm chÃºt nhÆ° pháº§n Ä‘áº§u sÃ¡ch.,3
87,"Cuá»‘n sÃ¡ch chá»©a nhiá»u tÆ° tÆ°á»Ÿng Ä‘á»™c háº¡i, khÃ´ng phÃ¹ há»£p cho ngÆ°á»i tráº» Ã­t kinh nghiá»‡m dá»… bá»‹ áº£o tÆ°á»Ÿng, lá»‡ch láº¡c suy nghÄ©.",1
88,"TÃ¡c giáº£ Ä‘Ã£ bá»‹ váº¡ch tráº§n bá»™ máº·t tháº­t, *** báº±ng ielts; bÃ¡n cÃ¡c loáº¡i bá»™t kale, alma fake. TÆ° duy phiáº¿n diá»‡n, Ä‘áº§u Ä‘á»™c giá»›i tráº»",1
89,"tÃ¡c giáº£ lá»«a dá»‘i khÃ¡ch hÃ ng, viáº¿t hay nhÆ°ng nÃ³i má»™t Ä‘áº±ng, lÃ m 1 náº»o
lá»«a dá»‘i dÃ¹ 1 chÃºt cÅ©ng lÃ  pháº£n bá»™i niá»m tin",1
90,mÃ¬nh tháº¥y khÃ´ng thÃ­ch láº¯m. ná»™i dung cháº¯t lá»c tá»« nhá»¯ng cuá»‘n sÃ¡ch khÃ¡c lÃ  nhiá»u. nÃªn cÃ¢n nháº¯c khi mua,3
91,"SÃ¡ch cá»§a KienTran viáº¿t ráº¥t phiáº¿n diá»‡n vÃ  hung hÄƒng. Lá»i vÄƒn cá»• suÃ½ cho má»i tÆ° tÆ°á»Ÿng bá» viá»‡c, ráº¥t tiÃªu cá»±c.",1
92,Giá»ng vÄƒn khÃ¡ trá»‹ch thÆ°á»£ng. Ãp Ä‘áº·t tÆ° tÆ°á»Ÿng. NÃ³i chung mÃ¬nh khÃ´ng thÃ­ch quyá»ƒn nÃ y láº¯m.,3
93,TÃ¡c giáº£ cáº§n má»™t sá»± chiÃªm nghiá»‡m sÃ¢u sáº¯c vÃ  trÆ°á»Ÿng thÃ nh hÆ¡n ná»¯a khi viáº¿t nhá»¯ng thá»ƒ loáº¡i sÃ¡ch nhÆ° váº­y.,2
94,"Cuá»‘n sÃ¡ch dá»… Ä‘á»c, nhÆ°ng chá»§ yáº¿u cho má»¥c Ä‘Ã­ch tham kháº£o thÃ¬ á»•n",3
95,KhÃ´ng nÃªn mÃ¹ quÃ¡ng Ä‘á»c sÃ¡ch nÃ y nhÃ©. Báº¡n thá»­ tÃ¬m hiá»ƒu tÃ¡c giáº£ qua google nha,1
96,CÃ³ ná»™i dung nhÆ°ng cÃ¡ch phÃ¡t triá»ƒn quÃ¡ dÃ i dÃ²ng luáº©n quáº©n,3
97,TÃ´i khÃ´ng Ä‘á»“ng Ã½ vá»›i má»™t sá»‘ quan Ä‘iá»ƒm cá»§a tÃ¡c giáº£.,3
98,Há»i há»£t vÃ  nháº¯c Ä‘i nháº¯c láº¡i 1 Ä‘iá»u,1
99,Tháº¥y mn khen nhiá»u nÃªn mua . Äá»c háº¿t 1/3 cuá»‘n sÃ¡ch Ko tháº¥y cÃ³ gÃ¬ hay .,3
100,KhÃ¡ oki nhÆ°ng má»™t sá»‘ trang mang láº¡i 1 tÃ­ tiÃªu cá»±c.,3
101,Lá»i vÄƒn mang tÃ­nh Ä‘áº§u Ä‘á»™c vÃ  thiáº¿u sá»± thuyáº¿t phá»¥c,1
102,"Ná»™i dung ngáº¯n gá»n, chÆ°a sÃ¢u vÃ  cÃ¡ch trÃ¬nh bÃ y bá»‘ cá»¥c sÃ¡ch ko ngay ngáº¯n",3
103,Ná»™i dung sÃ¡ch vÃ  cÃ¡ch viáº¿t phiáº¿n diá»‡n k nhÆ° ká»³ vá»ng!!,1
104,Ná»™i dung kiá»ƒu cÃ³ váº» láº·p láº¡i nhá»¯ng Ã½ tÆ°á»Ÿng a KiÃªn Ä‘Ã£ chia sáº»,3
105,Ná»™i dung khÃ´ng Ä‘Æ°á»£c nhÆ° ká»³ vá»ng,3
106,"TÆ° tÆ°á»Ÿng pháº£n Ä‘á»™ng, tÃ¡c giáº£ tá»± cho mÃ¬nh lÃ  Ä‘Ãºng",1
107,"KhÃ´ng hay chung chung , khÃ´ng Ã¡p dung duoc",1
108,"ná»™i dung quÃ¡ lan man, ko nÃ³i trá»ng tÃ¢m Ä‘iá»u gÃ¬",1
109,sÃ¡ch Ä‘áº§u Ä‘á»™c giá»›i tráº». tá»‘t nháº¥t ko nÃªn mua,1
110,"Äá»c cho vui thÃ´i, Ä‘á»«ng tin táº¥t cáº£",1
111,SÃ¡ch khÃ´ng thá»¥c táº¿,2
112,sÃ¡ch tiÃªu cá»±c,1
113,Ko Ä‘Ã¡ng Ä‘á»ƒ mua,2
114,tá»‡,1
115,cÅ©ng Ä‘Æ°á»£c,3
116,bÃ¬nh thÆ°á»ng,2
117,"Äá»c tá»±a Ä‘á» tháº¥y thÃ­ch nÃªn mua vá» Ä‘á»c thá»­.
NhÆ°ng cuá»‘n nÃ y chá»§ yáº¿u thiÃªng vá» lÃ½ thuyáº¿t vÃ  cÅ©ng hÆ¡i khÃ³ Ã¡p dá»¥ng.
Äá»•i tÃªn thÃ nh TÃ¬m hiá»ƒu cÃ¡ch Ä‘á»c ngÃ´n ngá»¯ cÆ¡ thá»ƒ cÆ¡ báº£n thÃ¬ Ä‘Ãºng hÆ¡n, vÃ¬ dÃ nh cho ngÆ°á»i khÃ´ng biáº¿t gÃ¬ vá» ngÃ´n ngá»¯ cÆ¡ thá»ƒ thÃ¬ cÃ³ thá»ƒ há»c Ä‘Æ°á»£c vÃ i Ã½.",3
118,"MÃ¬nh khÃ¡ quan tÃ¢m Ä‘áº¿n Body language nÃªn luÃ´n chÃº Ã½ Ä‘áº¿n cÃ¡c ná»™i dung nÃ y má»—i khi báº¯t gáº·p, cÃ³ thá»ƒ vÃ¬ váº­y nÃªn cuá»‘n sÃ¡ch nÃ y khÃ´ng cÃ²n má»›i máº» vÃ  thÃº vá»‹ vá»›i mÃ¬nh ná»¯a. VÃ­ dá»¥ cÃ³ váº» nhiá»u nhÆ°ng mÃ´ táº£ khÃ´ng rÃµ rÃ ng, khÃ³ nháº­n biáº¿t trong thá»±c táº¿. CÃ³ thá»ƒ do pháº§n dá»‹ch chÆ°a chuyá»ƒn táº£i háº¿t hoáº·c khÃ¡c biá»‡t vá» vÄƒn hoÃ¡. Chá»‰ nÃªn Ä‘á»c Ä‘á»‘i vá»›i nhá»¯ng báº¡n má»›i nháº­p mÃ´n tÃ¬m hiá»ƒu body language.",3
119,"Má»™t cuá»‘n sÃ¡ch mÃ  tÃ´i khÃ´ng thÃ­ch, ná»™i dung sÃ¡ch theo tÃ´i nÃ³ khÃ´ng máº¥y  phÃ¹ há»£p vá»›i ngÆ°á»i VIá»‡t mÃ  nÃ³ thá»±c táº¿ vá»›i ngÆ°á»i ngoáº¡i quá»‘c nhÆ° Má»¹ vÃ  cÃ¡c nÆ°á»›c chÃ¢u Ã‚u hÆ¡n. NgÆ°á»i Viá»‡t háº§u nhÆ° sá»­ dá»¥ng ngÃ´n ngá»¯ cÆ¡ thá»ƒ theo má»™t cÃ¡ch khÃ¡c....",3
120,"ÄoÌ£c nhiÃªÌ€u nhÃ¢Ì£n xeÌt cuÌ‰a caÌc baÌ£n toaÌ€n tung hÃ´ cuÃ´Ìn saÌch naÌ€y lÃªn rÃ¢Ìt nhiÃªÌ€u, nhÆ°ng xeÌt khiÌa caÌ£nh chuÌ‰ quan cuÌ‰a miÌ€nh thiÌ€ miÌ€nh thÃ¢Ìy saÌch cuÌƒng Ä‘uÌng tÆ°Æ¡ng Ä‘Ã´Ìi thÃ´i. CaÌc baÌ£n phaÌ‰i hiÃªÌ‰u laÌ€ vÄƒn hoÌa ngÆ°Æ¡Ì€i ViÃªÌ£t Nam laÌ€ vÄƒn hoÌa phÆ°Æ¡ng ÄÃ´ng, coÌ€n cuÃ´Ìn saÌch naÌ€y do ngÆ°Æ¡Ì€i phÆ°Æ¡ng TÃ¢y viÃªÌt, maÌ€ Ä‘Æ°Æ¡ng nhiÃªn thiÌ€ vÄƒn hoÌa phÆ°Æ¡ng ÄÃ´ng khaÌc phÆ°Æ¡ng TÃ¢y rÃ´Ì€i Ä‘uÌng khÃ´ng aÌ£. NÃªn theo miÌ€nh nghiÌƒ caÌc cÆ°Ì‰ chiÌ‰ chÆ°Ìa trong cuÃ´Ìn saÌch naÌ€y vaÌ€ yÌ nghiÌƒa cuÌ‰a noÌ chiÌ‰ Ä‘uÌng nhÃ¢Ìt Æ¡Ì‰ phÆ°Æ¡ng TÃ¢y thÃ´i. VÃªÌ€ ngÆ°Æ¡Ì€i ViÃªÌ£t miÌ€nh thiÌ€ coÌ giÌ€ Ä‘oÌ khang khaÌc, theo yÌ kiÃªÌn cuÌ‰a miÌ€nh thiÌ€ vÃ¢Ì£y.",3
121,"VÃ¬ má»i sá»± viá»‡c trong cuá»™c sá»‘ng Ä‘á»u cÃ³ nhiá»u chiá»u khÃ¡c nhau, nÃªn cuá»‘n sÃ¡ch cÃ²n hÆ¡i chá»§ quan trong viá»‡c phÃ¡n Ä‘oÃ¡n vá». ngÃ´n ngá»¯ cÆ¡ thá»ƒ, bá»Ÿi trong cuá»™c sá»‘ng náº¿u má»™t ngÆ°á»i Ä‘Ã£ tinh tÆ°á»m thÃ¬ cÃ³ thá»ƒ dá»… dÃ ng Ä‘Ã¡nh lá»«a ngÆ°á»i khÃ¡c, bÃªn cáº¡nh Ä‘Ã³ há» muá»‘n táº¡o báº¥t ngá» cho Ä‘á»‘i phÆ°Æ¡ng nÃªn viá»‡c thÃ´ng qua ngÃ´n ngá»¯ cÆ¡ thá»ƒ phÃ¡n Ä‘oÃ¡n chá»‰ lÃ  mang tÃ­nh tham kháº£o vÃ  khÃ´ng giÃºp Ã­ch nhiá»u. Hy vá»ng sáº¯p tá»›i tÃ¡c giáº£ sáº½ phÃ¡t hÃ nh cuá»‘n sÃ¡ch chuyÃªn sÃ¢u hÆ¡n nhÆ° ngÃ´n ngá»¯ cÆ¡ thá»ƒ dÃ nh cho quÃ½ cÃ´ thanh lá»‹ch,...",3
122,"ÄuÌng laÌ€ quyÃªÌ‰n saÌch naÌ€y chiÌ‰ ra rÃ¢Ìt roc nhÆ°Ìƒng Ä‘Ã´Ì£ng taÌc, cÆ°Ì‰ chiÌ‰, ngÃ´n ngÆ°Ìƒ hiÌ€nh thÃªÌ‰ phaÌ‰n aÌnh Ä‘Æ°Æ¡Ì£c nhÆ°Ìƒng suy nghiÌƒ hay tÃ¢m lyÌ cuÌ‰a ngÆ°Æ¡Ì€i Ä‘Ã´Ìi diÃªÌ£n, nhÆ°ng laÌ€ thiÃªn vÃªÌ€ ngÆ°Æ¡Ì€i ChÃ¢u Ã¢u nhiÃªÌ€u hÆ¡n. CoÌ€n ngÆ°Æ¡Ì€i ChÃ¢u AÌ miÌ€nh thiÌ€ cÆ°Ì‰ chiÌ‰ khÃ´ng Ä‘Æ°Æ¡Ì£c thoaÌng hay cÆ¡Ì‰i mÆ¡Ì‰ nhÆ° thÃªÌ. ÄiÃªÌ€u naÌ€y coÌ phaÌ‰i cho thÃ¢Ìy laÌ€ ngÆ°Æ¡Ì€i phÆ°Æ¡ng TÃ¢y tÆ°Ì£ tin hÆ¡n ngÆ°Æ¡Ì€i phÆ°Æ¡ng ÄÃ´ng miÌ€nh nhiÃªÌ€u khÃ´ng nhiÌ‰? :p. DuÌ€ vÃ¢Ì£y thiÌ€ quyÃªÌ‰n saÌch naÌ€y cuÌƒng nÃªu Ä‘Æ°Æ¡Ì£c nhÆ°Ìƒng biÃªÌ‰u hiÃªÌ£n cÆ¡ thÃªÌ‰ Ä‘ÄƒÌ£c trÆ°ng giuÌp miÌ€nh nhÃ¢Ì£n biÃªÌt Ä‘Æ°Æ¡Ì£c nhÆ°Ìƒng suy nghiÌƒ cÆ¡ baÌ‰n cuÌ‰a con ngÆ°Æ¡Ì€i. NhÆ°ng mÆ¡Ìi chiÌ‰ dÆ°Ì€ng laÌ£i Æ¡Ì‰ Ä‘oÌ maÌ€ thÃ´i.",3
123,"MÃ¬nh tháº¥y Ä‘á»c khÃ¡ má»‡t, cÃ¡c tip phÃ¢n tÃ­ch vá» body language cÅ©ng khÃ´ng máº¥y lÃ  háº¥p dáº«n. MÃ¬nh nghÄ© vá»›i mÃ¬nh nÃ³ khÃ´ng giÃºp mÃ¬nh nhiá»u láº¯m",1
124,"ná»™i dung thá»±c tiá»…n nhÆ°ng Ä‘á»ƒ Ã¡p dá»¥ng cÃ¡i nÃ y vÃ o Ä‘á»i sá»‘ng mÃ¬nh nghÄ© cáº§n 1 thá»i gian dÃ i, cÃ¡ch viáº¿t hÆ¡i khÃ´ khan mÃ  ná»™i dung thÃ¬ dÃ i nÃªn dá»… gÃ¢y nhÃ m chÃ¡n",3
125,"ná»™i dung minh há»a dá»… hiá»ƒu, nhÆ°ng nÃ³i chung ná»™i dung cÆ¡ báº£n khÃ´ng quÃ¡ khÃ³ Ä‘oÃ¡n, tham kháº£o thÃ¬ ok",3
126,"ChÆ°a Ä‘Æ°á»£c nhÆ° mong Ä‘á»£i, cÃ¡ch trÃ¬nh bÃ y khÃ³ nhá»› nÃªn chÆ°a Ã¡p dá»¥ng ngay sau 1 láº§n Ä‘á»c",3
127,"Ná»™i dung nháº¡y cáº£m, thÃ´ thiá»ƒn",1
128,Ä‘á»c dÃ i lan man khÃ´ng trá»ng tÃ¢m,2
129,sÃ¡ch viáº¿t chung chung chÆ°a thá»±c sá»± há»¯u Ã­ch,3
130,Ná»™i dung sÃ¡ch khÃ´ng hay láº¯m,1
131,ko hay láº¯m so vá»›i giÃ¡ tiá»n Ä‘Ã¢u má»i ngÆ°á»i . Ä‘Ã¢y lÃ  cuá»‘n mÃ¬nh hÆ¡i chÃ¡n vÃ¬ há»c dc Ã­t,1
132,SÃ¡ch cÃ²n lá»—i sai chÃ­nh táº£. Má»i ng mua cá»§a nhÃ  xuáº¥t báº£n khÃ¡c thÃ¬ hÆ¡n!,3
133,quÃ¡ nhiá»u lá»—i chÃ­nh táº£. ....,1
134,khÃ´ng phÃ n nÃ n vá» sÃ¡ch ngoÃ i lá»—i chÃ­nh táº£. khÃ´ng biáº¿t cÃ³ hiá»‡u Ä‘Ã­nh chá»‰nh sá»­a kiá»ƒm tra ká»¹ cÃ ng khÃ´ng mÃ  sai chÃ­nh táº£ gÃ¢y khÃ³ chá»‹u. nÃ£n ghÃª,3
135,sÃ¡ch cÃ²n nhiá»u lá»—i chÃ­nh táº£ vÃ  thiáº¿u chá»¯..........,3
136,táº¡m dc nha jdjffjkdididjfjfjf,3
137,"Quyá»ƒn bÃ­ kÃ­p xem qua khÃ¡ á»•n, nhÆ°ng quyá»ƒn vá» cáº£m há»©ng há»c táº­p thÃ¬ chá»‰ khoáº£ng 40% ná»™i dung lÃ  phÃ¹ há»£p, sÃ¡ch nÃ y ká»³ vá»ng táº¡o cáº£m há»©ng há»c cho cáº¥p 2 hoáº·c 3 mÃ  hÆ¡n ná»­a quyá»ƒn viáº¿t vá» nghá»‡ thuáº­t Ä‘Ã m phÃ¡n kinh doanh vÃ  quáº£n lÃ½ hoáº¡t Ä‘á»™ng tÃ i chÃ­nh thÃ¬ cÅ©ng chÆ°a hiá»ƒu má»¥c Ä‘Ã­ch lÃ  gÃ¬",3
138,"SÃ¡ch cháº£ ra gÃ¬. TÆ°á»Ÿng nÃ³ sáº½ mang Ä‘áº¿n sá»± má»›i máº» vÃ  sáº½ khai sÃ¡ng tiá»m thá»©c theo 1 phÆ°Æ¡ng phÃ¡p hoÃ n toÃ n má»›i. Ai ngá» cÅ©ng chá»‰ lÃ  khuyáº¿n khÃ­ch theo kiá»ƒu Há»c Ä‘á»ƒ thi, vá»›i 1 ngÆ°á»i nhÃ¬n tháº¥y máº·t tÃ´i cá»§a giÃ¡o dá»¥c nÃªn khÃ´ng muá»‘n há»c, chi nhiá»u tiá»n mua combo cá»§a Ã´ng nÃ y Ä‘á»ƒ vá»±c láº¡i tinh tháº§n, ai ngá» á»•ng nhá»“i 1 má»› lÃ½ thuyáº¿t nhÃ m chÃ¡n vÃ o Ä‘áº§u. PhÃ­ tiá»n",2
139,Con tÃ´i khÃ´ng há»©ng thÃº Ä‘á»c vÃ  cÅ©ng khÃ´ng thá»±c hiá»‡n theo Ä‘á»‹nh hÆ°á»›ng trong sÃ¡ch,3
140,"cÅ©ng bÃ¬nh thÆ°á»ng , má»i ngÆ°á»i Ä‘Ã¡nh giÃ¡ tá»‘t minh tháº¥y chÆ°a Ä‘Ãºng,",2
141,Ná»™i dung khÃ´ng háº¥p dáº«n nhÆ° quáº£ng cÃ¡o,1
142,phu há»£p cho bá»‘ máº¹ hÆ¡n la há»c sinh,3
143,"SÃ¡ch cÆ¡ báº£n, khÃ´ng quÃ¡ xuáº¥t sáº¯c",3
144,"cháº¥t lÆ°á»£ng so vá»›i giÃ¡ thÃ nh thÃ¬ hÆ¡i máº¯c. 
sÃ¡ch há»¯u Ã­ch cho ngÆ°á»i lá»›n vÃ  tráº» em. nhÆ°ng cáº§n thÃªm hÆ°á»›ng dáº«n váº½ chi tiáº¿t cho cÃ¡c hÃ¬nh Ä‘á»ƒ ba máº¹ cÃ³ thá»ƒ xem vÃ  chá»‰ láº¡i cho con váº½ nÃ©t nÃ o trÆ°á»›c, nÃ©t nÃ o váº½ sau.",3
145,"SÃ¡ch Ä‘áº¹p, nhÆ°ng khÃ´ng cÃ³ hÆ°á»›ng dáº«n nÃªn khÃ³ sá»­ dá»¥ng hiá»‡u quáº£",3
146,"BÃ¬nh thÆ°á»ng, khÃ´ng háº¥p dáº«n nhÆ° quáº£ng cÃ¡o",3
147,Ná»™i dung khÃ´ng cÃ³ gÃ¬ Ä‘áº·c sáº¯c. CÃ´ng nháº­n Ã´ng Phong ráº¥t giá»i PR!,1
148,"sÃ¡ch ko cÃ³ hÆ°á»›ng dáº«n, giÃ¡ cao so vá»›i cháº¥t lÆ°á»£ng",1
149,"Ná»™i dung khÃ´ng hay, khÃ´ng phÃ¹ há»£p",2
150,sÃ¡ch khÃ´ng cÃ³ khoÃ¡ há»c online,3
151,SÃ¡ch ráº¥t tá»‡. gáº¡t KH láº¥y 500k thÃ¬ Ä‘Ãºng hÆ¡n,1
152,KhÃ´ng hay nhÆ° giá»›i thiá»‡u sÃ¡ch,3
153,CÅ©ng BÃ¬nh thÆ°á»ng mÃ .,1
154,"Tiáº¿ng trung, rá»‘i! Äá»c khÃ´ng háº¥p dáº«n",1
155,Äá»c khÃ´ng hiá»ƒu láº¯m. KhÃ´ng sÃ¡t thá»±c táº¿,2
156,SÃ¡ch phÃ¹ há»£p cho nhá»¯ng báº¡n tá»« 16-20 tuá»•i Ä‘á»ƒ xÃ¡c Ä‘á»‹nh ngÃ nh há»c vÃ  Ä‘á»‹nh hÆ°á»›ng nghá» nghiá»‡p cho tÆ°Æ¡ng lai,3
157,"Ná»™i dung chÆ°a Ä‘Æ°á»£c sÃ¢u sáº¯c, chá»‰ mang tÃ­nh hÃ¬nh thá»©c",3
158,ná»™i dung cÃ²n ráº¥t mÆ¡ há»“ ko Ä‘a dáº¡ng nhiá»u ngÃ nh nghá»,3
159,"VÃ i cÃ¢u chÃ¢m ngÃ´n ráº¥t hay, lÃ m kim chá»‰ nam cho b.thÃ¢n tÃ´i. NhÆ°ng cÃ³ vÃ i khÃºc bá»‹ dá»Ÿ hÆ¡i xÃ­u, ná»™i dung bá»‹ láº·p láº¡i nhÆ°ng Ä‘á»•i cÃ¢u tá»« khÃ¡ nhiá»u gÃ¢y nhÃ m chÃ¡n",3
160,"CÃ³ váº» mÃ¬nh chÆ°a Ä‘á»§ lá»›n hoáº·c Ä‘á»c sÃ¡ch chÆ°a Ä‘á»§ lÃ¢u, nÃªn khÃ´ng tháº­t sá»± hiá»ƒu :",3
161,"DÃ nh cho ngÆ°á»i tráº» Ä‘á»c Ä‘á»ƒ nhá»¯ng nÄƒm sau nghÄ© láº¡i thÃ¬ phÃ¹ há»£p, má»™t sá»‘ thÆ° bá»‹ trÃ¹ng láº·p, tuy cÃ¡ch viáº¿t cÃ³ chÃºt khÃ¡c nhÆ°ng cÃ¹ng lÃ  1 ná»™i dung",3
162,sáº£n pháº©m ráº¥t Ã½ nghÄ©a tá»‘t Ä‘áº¹p nhÆ°ng chÆ°a bao giá» cho 1 sp quÃ¡ 3 sao cáº£,3
163,"sÃ¡ch á»•n,,cÃ³ vÃ i chá»• sai chÃ­nh táº£ nha",1
164,"Sach khong hay, khong thu vi",1
165,khÃ´ng nÃªn mua sÃ¡ch Ä‘c cÃ¡i tá»±a,1
166,KhÃ´ng hay cho láº¯m !!!!!!!,1
167,sáº£n pháº©m phÃ¹ há»£p cho cÃ¡c báº¡n muá»‘n há»c IT vÃ  cÃ³ nhu cáº§u tiáº¿p thu kiáº¿n thá»©c vá» nghá» IT máº·c dÃ¹ hÆ¡i buá»“n lÃ  mÃ¬nh muá»‘n xem vá» dáº¡ng VR vÃ  AR nhÆ°ng láº¡i khÃ´ng cÃ³,3
168,"Cuá»‘i sÃ¡ch cáº§n ná»™i dung nhÆ°ng ná»™i dung ko Ä‘áº·c sáº¯c vÃ  ko cÃ³ chiá»u sÃ¢u. Trang trÃ­ mÃ u mÃ¨ ko cáº§n thiáº¿t, ko xá»©ng Ä‘ang vá»›i má»©c giÃ¡ bá» ra.",3
169,"Pháº§n cuá»‘i trang sÃ¡ch khÃ´ng Ä‘Æ°á»£c tá»‘t, ná»™i dung sÃ¡ch thÃ¬ ok",2
170,KhÃ´ng áº¥n tÆ°á»£ng vá»›i tÃ¡c pháº©m nÃ y nhiá»u,3
171,SÃ¡ch dá»Ÿ! ChÃ¡n láº¯m Ä‘á»c ko ná»•i luÃ´n,1
172,"Mua vá» má»›i biáº¿t quyá»ƒn nÃ y giá»i nháº¥t á»Ÿ quáº£ng cÃ¡o, cÃ¡i gÃ¬ mÃ  ná»¯ quyá»n, gÃ¬ mÃ  Ä‘á»™c láº­p... Äá»c thÃ¬ cÅ©ng khÃ´ng khÃ¡c máº¥y bÃ i note tÃ¢m tráº¡ng trÃªn Facebook lÃ  máº¥y, tháº­m chÃ­ nhiá»u bÃ i trÃªn Facebook cÃ²n hay hÆ¡n nhiá»u.

2 lÃ  cÃ¡ch dá»‹ch cá»§a dá»‹ch giáº£ quÃ¡ kÃ©m. Do há»c chuyÃªn ngÃ nh tiáº¿ng Trung nÃªn tui thá»±c sá»± khÃ³ chá»‹u vá»›i cÃ¡ch dá»‹ch kÃ©m chuyÃªn nghiá»‡p nhÆ° váº­y.",1
173,"MÃ¬nh mua vá» Ä‘á»c thá»­ má»™t cuá»‘n cá»§a tÃ¡c giáº£ do tháº¥y nhiá»u ngÆ°á»i review tá»‘t, nhÆ°ng vá» Ä‘á»c thá»­ thÃ¬ khÃ´ng há»£p giá»ng vÄƒn cho láº¯m dÃ¹ quan Ä‘iá»ƒm mÃ¬nh cÅ©ng khÃ´ng pháº£i mÃ¢u thuáº«n. VÃ¬ mÃ¬nh Ä‘ang quan tÃ¢m chá»§ Ä‘á» vá» yÃªu báº£n thÃ¢n nÃªn cÅ©ng Ä‘á»c kha khÃ¡ sÃ¡ch cÃ¹ng chá»§ Ä‘á», cÃ³ thá»ƒ vÃ¬ nhÆ° tháº¿ nÃªn khi so vá»›i nhiá»u cuá»‘n thÃ¬ mÃ¬nh tháº¥y cuá»‘n nÃ y chÆ°a Ä‘á»§ sÃ¢u. Cá»‘ gáº¯ng Ä‘á»c Ä‘Æ°á»£c 2-3 chÆ°Æ¡ng thÃ¬ mÃ¬nh khÃ´ng tiáº¿p tá»¥c Ä‘á»c ná»¯a Ä‘á»ƒ má»™t thá»i gian khÃ¡c Ä‘á»c láº¡i xem cÃ³ nghÄ© khÃ¡c khÃ´ng nhÆ°ng hiá»‡n táº¡i tháº¥y khÃ´ng cÃ³ gÃ¬ quÃ¡ Ä‘áº·c sáº¯c.",3
174,"SÃ¡ch phÃ¹ há»£p cho cÃ¡c báº¡n ná»¯ tráº» (theo mÃ¬nh lÃ  tá»« 17-25 tuá»•i) cÃ²n Ä‘ang bÄƒn khoÄƒn vá» cÃ¡ch theo Ä‘uá»•i vÃ  táº¡o ra háº¡nh phÃºc . Nhá»¯ng báº¡n náº±m ngoÃ i Ä‘á»™ tuá»•i nÃ y vÃ  Ä‘Ã£ cÃ³ nhá»¯ng Ä‘Ãºc káº¿t riÃªng cho báº£n thÃ¢n cÃ³ láº½ sáº½ khÃ´ng tÃ¬m tháº¥y nhiá»u Ä‘iá»u má»›i láº¡ trong quyá»ƒn sÃ¡ch nÃ y, nhÆ°ng Ä‘á»c Ä‘á»ƒ chiÃªm nghiá»‡m láº¡i lá»‘i sá»‘ng vÃ  tháº¿ giá»›i quan cá»§a mÃ¬nh cÅ©ng tá»‘t.

* Tuy nhiÃªn, sÃ¡ch cá»§a mÃ¬nh bá»‹ thiáº¿u háº³n 1 chÆ°Æ¡ng (khoáº£ng 10 trang)!",3
175,"Cuá»‘n nÃ y theo mÃ¬nh khÃ´ng hay báº±ng cuá»‘n ""Báº¡n Ä‘áº¯t giÃ¡ bao nhiÃªu"", cÃ³ má»™t sá»‘ cÃ¢u chuyá»‡n vÃ  nÃ´i dung trÃ¹ng láº¯p. 
Trong cuá»‘n nÃ y tÃ¡c giáº£ bá»™c báº¡ch nhiá»u hÆ¡n vá» Ä‘á»i tÆ°, cuá»™c sá»‘ng vá»£ chá»“ng, xuáº¥t thÃ¢n gia Ä‘Ã¬nh vÃ  giá»‘ng cuá»‘n tá»± truyÃªn hÆ¡n.",3
176,"Náº¿u báº¡n Ä‘ang mong chá» quyá»ƒn sÃ¡ch cÃ³ ná»™i dung hay Ä‘á»ƒ há»c há»i vá» kinh nghiá»‡m sá»‘ng, cÃ¡ch sá»‘ng vÃ  cáº£ trong tÃ¬nh yÃªu thÃ¬ Ä‘Ã¢y khÃ´ng pháº£i. NÃ³ chá»©a triáº¿t lÃ­ chá»§ quan cá»§a tÃ¡c giáº£ nhiá»u hÆ¡n, tháº¥y ko thá»±c táº¿ láº¯m.",1
177,"khÃ´ng hay báº±ng Báº¡n Ä‘áº¯t giÃ¡ bao nhiÃªu,náº¿u quyá»ƒn kia mÃ¬nh cho 10 Ä‘iá»ƒm thÃ¬ quyá»ƒn nÃ y 6 Ä‘iá»ƒm, Ä‘á»c hÆ¡i buá»“n ngá»§, hoáº·c cÃ³ láº½ chÆ°a phÃ¹ há»£p vs tuá»•i cá»§a mÃ¬nh",3
178,"má»™t sá»‘ Ä‘iá»ƒm khÃ¡ hay, nhÆ°ng Ä‘á»c cáº£m tháº¥y nÃ³ Ä‘á»u Ä‘á»u ko cÃ³ gÃ¬ Ä‘áº·c biá»‡t, thá»±c sá»± nhá»¯ng gÃ¬ tÃ¡c giáº£ viáº¿t ko cÃ³ gÃ¬ má»›i...",3
179,"tháº¥y mn  khen, mÃ¬nh tÃ­nh mua táº·ng báº¡n. Ä‘á»c sÆ¡ sÆ¡ tháº¥y phá»¥ lá»¥c  cÅ©ng  hay nhÆ°ng Ä‘á»c ná»™i dug  thÃ¬ tháº¥y vÄƒn phong lÃ´i  thÃ´i, rÆ°á»m rÃ   quÃ¡.",2
180,"Tháº­t sá»± tÃ¹y ngÆ°á»i Ä‘á»c cáº£m nháº­n , mÃ¬nh Ä‘á»c tháº¥y quyá»ƒn nÃ y bÃ¬nh thÆ°á»ng khÃ´ng háº¥p dáº«n Ä‘Ã´i khi khÃ³ Ä‘á»c. ÄÃ¢y chá»‰ lÃ  cáº£m nháº­n cá»§a mÃ¬nh .",3
181,Ä‘á»c táº¡m ko hay láº¯m.......,3
182,"Ná»™i dung Ä‘Æ°á»£c 
KhÃ´ng xuáº¥t sáº¯c láº¯m",3
183,"Sáº£n pháº©m dá»… hiá»ƒu nhÆ°ng chÆ°a tháº­t sá»± há»¯u Ã­ch, vÃ¬ chá»§ yáº¿u lÆ°á»›t nhiá»u máº·t nhÆ°ng khÃ´ng Ä‘i sÃ¢u.",3
184,"Chá»‰ cÃ³ má»™t sá»‘ Ã­t thÃ´ng tin há»¯u Ã­ch thÃ´i, cÃ²n láº¡i ráº¥t chÃ¡n",1
185,cÃ³ thá»ƒ Ã¡p dá»¥ng nhá»¯ng ká»¹ nÄƒng trong sÃ¡ch vÃ o cuá»™c sá»‘ng luÃ´n ko nhá»‰,3
186,Nhiá»u review khen nhÆ°ng cÃ¡ nhÃ¢n mÃ¬nh tháº¥y ná»™i dung sÃ¡ch khÃ´ng phÃ¹ há»£p vá»›i Ä‘á»c giáº£ ngoÃ i nÆ°á»›c Má»¹.,3
187,noi dung khong phu hop voi thuc tien,2
188,"Quyá»ƒn nÃ y dá»‹ch giáº£ Mai dá»‹ch quÃ¡ tá»‡ vÃ¬ khÃ´ng thoÃ¡t Ã½, cÃ¢u cÃº rá»m rÃ . Äá»c vÄƒn phong ráº¥t má»‡t nÃ£o, báº¡n cáº§n rÃ¨n luyá»‡n tÆ° duy pháº£n biá»‡n Ä‘á»ƒ pháº£n biá»‡n sÃ¡ch do mÃ¬nh dá»‹ch ra.",2
189,Ná»™i dung dá»Ÿ tá»‡. PhÃ­ thá»i giá». Tháº¥t vá»ng,1
190,cÃ¡ch trÃ¬nh bÃ y khÃ´ng háº¥p dáº«n ngÆ°á»i Ä‘á»c,3
191,táº¡m Ä‘Æ°á»£c. ná»™i dung khÃ´ng nhÆ° kÃ¬ vá»ng,3
192,Ná»™i dung sÃ¡ch khÃ´ng cÃ³ giÃ¡ trá»‹.,1
193,"Äá»c Ä‘Æ°á»£c giÃ  ná»­a cuá»‘n sÃ¡ch thá»³ mÃ¬nh thá»±c sá»± báº¯t Ä‘áº§u cáº£m tháº¥y bá»‹ rá»‘i, sÃ¡ch ko hay nhÆ° mong Ä‘á»£i, ná»™i dung thá»³ táº­p trung vÃ o cÃ¡c cÃ¢u chuyá»‡n cá»§a tÃ¡c giáº£ lÃ  chá»§ yáº¿u nháº±m khÃ­ch lá»‡ Ä‘á»™ng viÃªn tinh tháº§n ngÆ°á»i Ä‘á»c, chá»‰ Ä‘Æ°a ra Ä‘Æ°á»£c bá» ná»•i cá»§a váº¥n Ä‘á». CÃ ng vá» sau cÃ ng k muá»‘n Ä‘á»c ná»¯a, nhÆ°ng vÃ¬ k muá»‘n vá» dá»Ÿ cuá»‘n sÃ¡ch vÃ  tiáº¿c sá»‘ tiá»n mÃ¬nh bá» nÃªn sáº½ cá»‘ gáº¯ng hoÃ n thÃ nh cuá»‘n sÃ¡ch vÃ  review thÃªm sau.",2
194,"Cháº¥t lÆ°á»£ng sÃ¡ch in k hÃ i lÃ²ng láº¯m. ÄÃ´i trang má»±c hÆ¡i nhoÃ¨. MÃ u giáº¥y vÃ  mÃ u má»±c in chá»§ Ä‘áº¡o lÃ  xanh, cáº£m giÃ¡c Ä‘á»c hÆ¡i tá»‘i vÃ  má»i máº¯t náº¿u Ä‘á»c lÃ¢u.
HÃ¬nh thá»©c sÃ¡ch nhÃ¬n chung k Ä‘Ã¡nh giÃ¡ cao.
Ná»™i dung thÃ¬ váº«n lÃ  nhá»¯ng váº¥n Ä‘á» thÆ°á»ng nháº­t. Nhiá»u chá»— sÃ¡o rá»—ng, láº·p láº¡i, nÃ³i k sÃ¢u háº³n vÃ  giá»ng vÄƒn Ä‘iá»ƒn hÃ¬nh cá»§a cÃ¡c nhÃ  vÄƒn TQ. Tuy nhiÃªn váº«n cÃ³p nháº·t Ä‘c nhiá»u chá»— cÃ³ Ã­ch.",3
195,"Ná»™i dung sÃ¡ch ko sÃ¡t vá»›i TÃªn sÃ¡ch. Äá»c TÃªn sÃ¡ch mh nghÄ© SÃ¡ch nÃ³i vá» CÃ¡ch thá»©c xÃ¢y dá»±ng má»™t lá»‘i sá»‘ng khoa há»c, ká»· luáº­t hÆ°á»›ng tá»›i sá»± tá»± do tÃ i chÃ­nh vÃ  cuá»™c sá»‘ng. NhÆ°ng Ä‘á»c sÃ¡ch má»›i biáº¿t ko f váº­y. Ná»™i dung sÃ¡ch lÃ  gÃ¬ mh cÅ©ng ko gá»i tÃªn Ä‘c vÃ¬ nÃ³ quÃ¡ chung chung vÃ  lan man. 
1. Má»™t lÃ  SÃ¡ch giá»‘ng nhÆ° 1 bá»¯a buffet tháº­p cáº©m nhiá»u mÃ³n nhÆ°ng nháº¡t nháº½o. TÃ¡c giáº£ bÃ y tá» quan Ä‘iá»ƒm vá» lá»‘i sá»‘ng cá»§a nhiá»u ngÆ°á»i, Ä‘Æ°a ra nháº­n xÃ©t vÃ  lá»i khuyÃªn. Tuy nhiÃªn ná»™i dung há»i há»£t, khÃ´ng sÃ¢u, bá»‘ cá»¥c cÅ©ng ko logic, Ä‘á»c 1 há»“i rá»“i cÅ©ng ko tháº¥y Ä‘c ná»™i dung chÃ­nh lÃ  gÃ¬.
2. Hai lÃ  80% ná»™i dung sÃ¡ch lÃ  ká»ƒ chuyá»‡n vá»›i cáº£ trÄƒm vÃ­ dá»¥ vá» cáº£ trÄƒm con ngÆ°á»i mÃ  cháº³ng ai biáº¿t nhá»¯ng ngÆ°á»i áº¥y lÃ  ai Ä‘á»ƒ mÃ  xÃ¡c thá»±c thÃ´ng tin. ÄÃ¢y lÃ  váº¥n Ä‘á» chung cá»§a cÃ¡c sÃ¡ch Self Help
3. Ba lÃ  CÃ¡c Ã½ kiáº¿n cá»§a tÃ¡c giáº£ pháº§n nhiá»u lÃ  má»™t chiá»u, ná»­a vá»i, khi Ä‘á»c mÃ¬nh cÃ³ cáº£m giÃ¡c tÃ¡c giáº£ chÆ°a thá»±c sá»± lÃ  ngÆ°á»i tráº£i Ä‘á»i Ä‘á»§ Ä‘á»ƒ viáº¿t má»™t cuá»‘n sÃ¡ch mang tÃ­nh Ä‘á»‹nh hÆ°á»›ng tÆ° duy cho ngÆ°á»i khÃ¡c.
4. Bá»‘n lÃ  cÃ³bmá»™t Ä‘iá»ƒm mÃ¬nh ko thÃ­c á»Ÿ sÃ¡ch lÃ  tÃ¡c giáº£ cÃ³ sá»± phÃ¢n biá»‡t táº§ng lá»›p giai cáº¥p giÃ u nghÃ¨o, tri thá»©c, Ä‘áº³ng cáº¥p, thÆ°á»£ng Ä‘áº³ng....

Tuy nhiÃªn mh nghÄ© SÃ¡ch sáº½ váº«n phÃ¹ há»£p vá»›i nhá»¯ng ngÆ°á»i tráº», chÆ°a tá»«ng tráº£i, cáº§n nhá»¯ng lá»i khuyÃªn mang tÃ­nh vá»«a Ä‘á»™ng viÃªn vá»«a thÃ¡ch thá»©c",1
196,"Giá»ng vÄƒn cá»§a máº¥y tÃ¡c giáº£ Trung Quá»‘c nÃ³ ngang phÃ¨ dáº¡y Ä‘á»i kiá»ƒu gÃ¬ Ã½.

VÃ  cÅ©ng cÃ³ thá»ƒ khi tÃ¡c giáº£ ná»¯ Trung Quá»‘c, viáº¿t vá»›i Ä‘á»‘i tÆ°á»£ng Ä‘á»™c giáº£ lÃ  ná»¯, thÃ¬ cháº³ng Äƒn rÆ¡ gÃ¬ vá»›i má»™t tháº±ng con trai Ä‘Ã£ quen Ä‘á»c self-help Ã‚u Má»¹ nhÆ° mÃ¬nh.

CÃ¡i tá»±a sÃ¡ch ráº¥t lá»«a tÃ¬nh. KhÃ´ng liÃªn quan gÃ¬ Ä‘áº¿n viá»‡c lÃ m sao Ä‘á»ƒ trá»Ÿ nÃªn ká»· luáº­t hÆ¡n.

MÃ  nÃ³ gá»“m ráº¥t nhiá»u máº©u truyá»‡n nhá» vá» cÃ¡ch sá»‘ng, suy nghÄ©.

ThÃ´i Ä‘á»c VÃ£n TÃ¬nh cho nhanh. Thá»±c sá»± cháº³ng khÃ¡c gÃ¬ VÃ£n TÃ¬nh viáº¿t cho láº¯m. CÃ¹ng kiá»ƒu style, cÃ¹ng kiá»ƒu lÃªn gÃ¢n Ä‘áº¡o lÃ½.",2
197,"CÃ¡ nhÃ¢n mÃ¬nh tháº¥y báº£n thÃ¢n khÃ´ng há»£p vá»›i cuá»‘n sÃ¡ch nÃ y.
Ná»™i dung lan man, thiáº¿t káº¿ bá»‘ cá»¥c rá»‘i máº¯t, Ä‘áº·t tiÃªu Ä‘á» khÃ´ng tÃ³m gá»n Ä‘Æ°á»£c ná»™i dung. 
Äáº·t cáº¡nh cÃ¡c cuá»‘n sÃ¡ch khÃ¡c cÃ¹ng chá»§ Ä‘á» mÃ  mÃ¬nh Ä‘ang cÃ³ thÃ¬ mÃ¬nh tháº¥y khÃ¡ tiáº¿c vÃ¬ Ä‘Ã£ bá» tiá»n ra mua cuá»‘n sÃ¡ch nÃ y",3
198,SÃ¡ch tá»•ng há»£p nhá»¯ng cÃ¢u chuyá»‡n nhá» cá»§a tÃ¡c giáº£ Trung Quá»‘c. Tuy nhiÃªn nhá»¯ng cÃ¢u chuyá»‡n Ä‘Ã³ chá»‰ lÃ  dá»±a trÃªn kinh nghiá»‡m cá»§a tg. NÃªn khi Ä‘á»c cáº£m giÃ¡c khÃ´ng hiá»ƒu sÃ¢u Ä‘Æ°á»£c táº¡i sao tg hÃ nh Ä‘á»™ng nhÆ° tháº¿. Dáº«n Ä‘áº¿n khÃ³ Ã¡p dá»¥ng thá»±c táº¿,3
199,"Vá» hÃ¬nh thá»©c thÃ¬ mÃ¬nh tháº¥y ráº¥t á»•n, nhÆ°ng ná»™i dung thÃ¬ khÃ´ng cÃ³ gÃ¬ ná»•i báº­t, chá»‰ má»›i nÃ³i vá» bá» ná»•i cá»§a váº¥n Ä‘á» chÆ°a Ä‘i vÃ o chi tiáº¿t nhÆ° kiá»ƒu chá»‰ má»›i lÃ  má»™t dÃ n bÃ i sÆ¡ lÆ°á»£c chá»© chÆ°a pháº£i lÃ  bÃ i lÃ m hoÃ n chá»‰nh.",3
200,"mua xong tiáº¿c xiá»n quÃ¡, biáº¿t tháº¿ Ä‘á»ƒ xiá»n mua quyá»ƒn khÃ¡c. ná»™i dung thÃ¬ toÃ n máº¥y cÃ¢u khÃ­ch lá»‡ nghá»‹ lá»±c vÃ  mÃ¬nh thÃ¬ ko cÃ²n thÃ­ch Ä‘á»c thá»ƒ loáº¡i kiá»ƒu nÃ y ná»¯a rá»“i",2
201,"LÃ  tá»•ng há»£p cÃ¡c cÃ¢u chuyá»‡n, mÃ¬nh tháº¥y hÆ¡i vá»¥n váº·t. ChÆ°a cÃ³ tÃ­nh thá»±c tiá»…n Ã¡p dá»¥ng mÃ  chá»‰ dá»«ng láº¡i á»Ÿ truyá»n Ä‘á»™ng lá»±c.",3
202,BÃ¬nh thÆ°á»ng. CÃ³ thá»ƒ thÃ­ch há»£p cho cÃ¡c báº¡n tráº». TÃ¡c giáº£ chá»‰ ngoÃ i 30 nÃªn cÃ³ láº½ chÆ°a Ä‘á»§ sÃ¢u sáº¯c Ä‘á»ƒ viáº¿t cuá»‘n hÃºt hÆ¡n.,3
203,cáº£m nháº­n nhÆ° Ä‘Ã¢y lÃ  nhá»¯ng bÃ i táº­p lÃ m vÄƒn ká»ƒ chuyá»‡n Ä‘á»i tÆ° cá»§a nhá»¯ng cÃ¡ nhÃ¢n xa láº¡....,1
204,"ÄÆ°á»£c má»—i cÃ¡i tÃªn, máº¥y cÃ¢u chuyá»‡n chung chung, ná»™i dung cháº£ cÃ³ gÃ¬. Äá»c phÃ­ thá»i gian, phÃ­ tiá»n",1
205,"KhÃ´ng nhÆ° mong Ä‘á»£i, nhÆ°ng váº«n khÃ¡ cÃ³ Ã­ch cho cÃ¡c báº¡n tráº» lá»©a tuá»•i há»c sinh sinh viÃªn",3
206,"Ná»™i dung lÃ²ng vÃ²ng, khÃ´ng pháº£n Ã¡nh Ä‘Ãºng tiÃªu Ä‘á». Mua phÃ­ tiá»n!",1
207,"sÃ¡ch nÃ³i lan man, ná»™i dung ko liÃªn quan Ä‘áº¿n tÃªn sÃ¡ch máº¥y",1
208,ná»™i dung thÃ¬ mÃ¬nh Ä‘Ã£ Ä‘á»c cÅ©ng nhiá»u rá»“i,3
209,"BÃ¬nh thÆ°á»ng, phÃ¹ há»£p vá»›i phá»¥ ná»¯ chÆ°a ck",3
210,"Ná»™i dung Ä‘Æ¡n giáº£n, Ä‘á»c cho vui",3
211,"Ko qÃ¡ xuáº¥t sáº¯c, Ä‘á»c giáº£i trÃ­",3
212,ná»™i dung chá»§ quan hÆ¡i nhiá»u,3
213,Ná»™i dung sÃ¡ch quÃ¡ nÃ´ng cáº¡n vÃ  há»i há»£t.,2
214,ná»™i dung hÆ¡i khÃ´ khan....,2
215,SÃ¡ch nÃ y ná»™i dung bÃ¬nh thÆ°á»ng ko cÃ³ gÃ¬ Ä‘áº·c biá»‡t,3
216,"dá»‹ch khÃ³ hiá»ƒu, cÃ¢u vÄƒn lá»§ng cá»§ng, lÃ m máº¥t giÃ¡ trá»‹ cuá»‘n sÃ¡ch",1
217,"Ä‘á»‘i vá»›i mÃ¬nh sÃ¡ch luÃ´n lÃ  khÃ³ tÃ ng kiáº¿n thá»©c lá»›n nháº¥t,cáº£m Æ¡n tÃ¡c giáº£ cá»§a cuá»‘n sÃ¡ch ráº¥t nhiá»u",1
218,"táº¡m Ä‘Æ°á»£c  ,jjkhggffghhjjj",3
219,ná»™i dung vÃ  cÃ¡ch trÃ¬nh bÃ y sÃ¡ch chÆ°a tháº­t sá»± hay,3
220,"SÃ¡ch khÃ¡ dá»… Ä‘á»c
NÃªn tham kháº£o",3
221,"Táº­p giÃ y nháº¥t nhÆ°ng cÅ©ng lÃ  táº­p tháº¥t vá»ng nháº¥t. Cáº£m tháº¥y phong Ä‘á»™ viáº¿t cá»§a tÃ¡c giáº£ xuá»‘ng rÃµ rÃ ng. TÃ¬nh tiáº¿t truyá»‡n Ä‘i vÃ o lá»‘i mÃ²n, tuyáº¿n nhÃ¢n váº­t khÃ´ng cho tháº¥y sá»± phÃ¡t triá»ƒn, xá»­ lÃ½ cao trÃ o ko thuyáº¿t phá»¥c (náº¿u ko muá»‘n nÃ³i lÃ  khÃ¡ tráº» con). DÃ nh ráº¥t nhiá»u thá»i lÆ°á»£ng miÃªu táº£ nhÃ¢n váº­t má»›i lÃ  cÃ´ cÃ´ng chÃºa tháº£o nguyÃªn, nhÆ°ng láº¡i lÃ  nv thá»«a thÃ£i ko cÃ³ tÃ¡c dá»¥ng gÃ¬ (spoil nháº¹: mÃ¬nh ko hiá»ƒu táº¡i sao tÃ¡c giáº£ táº­p trung miÃªu táº£ ráº¥t nhiá»u nhÆ°ng cuá»‘i cÃ¹ng láº¡i cho cÃ´ cÃ´ng chÃºa nÃ y Ä‘i yÃªu garay, má»™t nhÃ¢n váº­t phá»¥ cÅ©ng nháº¡t ko kÃ©m, thÃ nh ra sá»± xuáº¥t hiá»‡n cá»§a cÃ´ cÃ´ng chÃºa nÃ y ko cÃ³ tÃ¡c dá»¥ng gÃ¬ trong viá»‡c phÃ¡t triá»ƒn tÃ¬nh cáº£m vÃ  diá»…n biáº¿n cÃ¢u chuyá»‡n cá»§a tuyáº¿n nhÃ¢n váº­t chÃ­nh). Táº­p nÃ y lÃ m mÃ¬nh pháº£i cÃ¢n nháº¯c cÃ²n nÃªn theo dÃµi seri nÃ y alexis ná»¯a khÃ´ng?",3
222,"quyá»ƒn sÃ¡ch nÃ y hÆ¡i mang hÆ°á»›ng Ä‘á»™c Ä‘oÃ¡n  vÃ  cÃ³ nhá»¯ng suy nghÄ© phong kiáº¿n nhÆ° trá»ng nam kinh ná»¯ ; cá»• há»§ khi coi viá»‡c khÃ´ng láº­p gia Ä‘Ã¬nh lÃ  báº¯t nguá»“n tá»« Ä‘i du há»c ,khÃ´ng láº­p gia Ä‘Ã¬nh lÃ  bá»‹ dá»‹  nghá»‹ ,lÃ  Ä‘á»“ng tÃ­nh vÃ  1 sá»‘ cÃ¡c chi tiáº¿t khÃ¡c .BÃªn cáº¡nh Ä‘Ã³ thÃ¬ cÅ©ng cÃ³ 1 sá»‘ cÃ¡i ráº¥t há»¯u Ã­ch .tÃ³m láº¡i lÃ  khÃ¡ tháº¥t vá»ng vá» sÃ¡ch",3
223,"MÃ¬nh mua vÃ¬ Ä‘á»c review cá»§a má»i ngÆ°á»i, táº¥t cáº£ mng Ä‘á»u khen, nhÆ°ng thá»±c sá»± mÃ¬nh khÃ´ng cÃ³ cáº£m xÃºc vá»›i cuá»‘n sÃ¡ch nÃ y láº¯m, Ä‘á»c tháº¥y bÃ¬nh thÆ°á»ng Ã­",3
224,TÃªn thÃ¬ hay nhÆ°ng ná»™i dung thÃ¬ bÃ¬nh thÆ°á»ng.,2
225,sÃ¡ch gÃ¢y nhÃ m chÃ¡n.MÃ¬nh cÃ²n chÆ°a Ä‘á»c háº¿t.MÃ¬nh ko thÃ­ch.,3
226,BiÌ€a trÃ¢Ì€y vaÌ€ buÌ£i bÄƒÌ£m.,2
227,CÅ©ng thÆ°á»ng.,3
228,"Ná»™i dung khÃ¡ vá»› váº©n. PhÃ­ tiá»n. Báº¡n tÆ°á»Ÿng tÆ°á»£ng cÃ¡ch Ä‘á»c sÃ¡ch cá»§a tÃ¡c giáº£ tháº¿ nÃ y:
1. cáº§m sÃ¡ch lÃªn cáº£m nháº­n( hÃºt náº·ng lÆ°á»£ng theo Ã½ tÃ¡c giáº£ğŸ¤£ğŸ¤£)
2. Láº­t sÃ¡ch vÃ¨o vÃ¨o, ko cáº§n Ä‘á»c Ä‘á»ƒ nÃ£o tá»± ghi nhá»› (cháº¯c nhiá»…m phim lucy)
3. Láº­t Ä‘áº¡i vÃ i trang rá»“i Ä‘á»c nhá»¯ng tá»« quan trá»ng.
4....
5....
NÃ³i chung 1 cuá»‘n Ä‘á»c 20 phÃºt, ngÃ y Ä‘á»c chá»¥c cuá»‘n.
....
Äang tháº¯c máº¯c Ä‘Æ°a cho Ã´ng tÃ¡c giáº£ cuá»‘n H.P Ä‘á»c kiá»ƒu nÃ y rá»“i báº¯t á»•ng ká»ƒ láº¡i cÃ¢u chuyá»‡n thÃ¬ cháº¯c vui láº¯m.",1
229,"SÃ¡ch hay, Ä‘á»c xong cÃ³ cÃ¡i nhÃ¬n má»›i vá» viá»‡c Ä‘á»c sÃ¡ch",1
230,"Ná»™i dung sÃ¡ch ráº¥t chung chung, khÃ´ng cÃ³ gÃ¬ ná»•i trá»™i.",3
231,"Luáº­t háº¥p dáº«n vÃ  cÃ¡c thá»© nghe thÃ¬ háº¥p dáº«n tháº­t Ä‘áº¥y nhÆ°ng cuá»‘n sÃ¡ch nÃ y ko há» háº¥p dáº«n cÃ¡c báº¡n Æ¡i ã… ã…  SÃ¡ch sáº·c mÃ¹i pr chÃ¨o kÃ©o, diá»…n giáº£i lan man bay cao bay xa Ä‘á»c má»‡t láº¯m má»i ng áº¡. MÃ¬nh Ä‘á»c mÃ  cÃ³ cáº£m giÃ¡c nhÆ° tham gia 1 buá»•i há»p cá»§a bá»n bÃ¡n hÃ ng Ä‘a cáº¥p áº¥y. á»ª thÃ¬ náº¿u dá»± Ä‘áº¿n cÃ¹ng cÅ©ng sáº½ tá»›i cÃ¡i pháº§n báº¡n kiáº¿m ra tiá»n dá»… dÃ ng tá»‘t Ä‘áº¹p ra lÃ m sao. CÆ¡ mÃ  mÃ¬nh váº«n ko Ä‘á»c ná»•i dÃ¹ Ä‘Ã£ cá»‘.",1
232,"CÃ¡ nhÃ¢n mÃ¬nh cáº£m tháº¥y cÃ¡ch tÃ¡c giáº£ truyá»n táº£i ko phÃ¹ há»£p vá»›i mÃ¬nh, nhiá»u chá»— láº·p láº¡i",3
233,Hiá»‡n táº¡i mÃ¬nh khÃ´ng há»£p nÃ³,3
234,HÆ¡i khÃ³ hiá»ƒu,3
235,"Vá» ná»™i dung: SÃ¡ch khÃ¡ hay nhÆ°ng á»Ÿ ná»­a Ä‘áº§u khÃ¡ nhÃ m chÃ¡n, cÃ ng vá» sau thÃ¬ hay hÆ¡n, Ä‘Ã´i lÃºc viáº¿t khÃ¡ lan man vÃ  cÃ³ má»™t sá»‘ lá»—i chÃ­nh táº£ hoáº·c dÆ° chá»¯. CÃ²n hÃ¬nh thá»©c cá»§a sÃ¡ch thÃ¬ giáº¥y sÃ¡ch tá»‘t nhÆ°ng gÃ¡y dá»… bung. SÃ¡ch bá»‹ tráº§y khÃ¡ nhiá»u. NÃ³i chung thÃ¬ ná»™i dung sÃ¡ch á»•n nhÆ°ng hÃ¬nh thá»©c thÃ¬ khÃ´ng tá»‘t láº¯m.",3
236,"SÃ¡ch gÃµ vÃ o nhu cáº§u cá»§a hs hiá»‡n nay, nhg Ä‘á»ƒ á»©ng dá»¥ng vÃ o cs lÃ  1 quÃ¡ trÃ¬nh khá»• luyá»‡n",3
237,chÃ¡n.Ä‘á»«ng tin quÃ¡ nhiá»u vÃ o review online,1
238,sÃ¡ch viáº¿t dá»… hiá»ƒu nhÆ°ng khÃ¡ chung chung,3
239,"SÃ¡ch cá»§a cá»¥ Nguyá»…n Hiáº¿n LÃª thÃ¬ tá»‘t rá»“i, nhÆ°á»£c Ä‘iá»ƒm tá»• biá»‡n soáº¡n Ä‘Ã´i khi gÃµ láº¡i sai chÃ­nh táº£, dÃ­nh chá»¯ (tÃºm láº¡i lÃ  lÃ m khÃ´ng ká»¹ - khÃ´ng xá»©ng vá»›i cháº¥t lÆ°á»£ng dÃ¹ng tá»« cá»§a cá»¥). Keo gÃ¡y cáº§n lÃ m ká»¹ hÆ¡n khÃ´ng thÃ¬ sÃ¡ch sáº½ bá»‹ bong sau chá»‰ Ä‘Ã´i láº§n Ä‘á»c. 

Thá»i cá»§a cá»¥ thÃ¬ táº¥t nhiÃªn lÃ  pháº£i dÃ¹ng tá»« cá»• nhÆ° Ä‘Ãºng rá»“i, chá»‰ sá»£ cÃ¡c báº¡n tá»« 8X trá»Ÿ Ä‘i Ä‘á»c khÃ´ng hiá»ƒu, nÃªn bá»‹ máº¥t máº¡ch tÆ°á»Ÿng tÆ°á»£ng. Cáº§n kiÃªn nháº«n.",3
240,"Cuá»‘n sÃ¡ch hay nhÆ°ng ko xuáº¥t sáº¯c..sÃ¢u xa lÃ  viá»‡c gÃ¢y dÆ°ng má»™t hÃ¬nh áº£nh, hÃ¬nh tÆ°á»£ng cá»§a chung ju jung nÃ³i riÃªng vÃ  huyndai nÃ³i chung. Vá»«a lÃ  má»™t tá»± truyá»‡n vÃ  cÅ©g lÃ  má»™t cÃ¡ch marketing lÃ m hÃ¬nh áº£nh cá»§a cÃ¢y Ä‘áº¡i thu chaebol hÃ n quá»‘c",3
241,BÃ¬nh thÆ°á»ng cho Ä‘Ã¡nh giÃ¡ bÃ¬nh thÆ°á»ng,3
242,"Quyá»ƒn sÃ¡ch lÃ  nhá»¯ng gÃ³c khuáº¥t trong con ngÆ°á»i, cÃ¡ch ngÆ°á»i ta khai thÃ¡c sá»± tháº­t tá»« dá»¯ liá»‡u lá»›n. Khai thÃ¡c Ä‘Æ°á»£c nguá»“n dá»¯ liá»‡u lá»›n, ta sáº½ báº¥t ngá» vá» TG láº¯m",3
243,"SÃ¡ch cÃ³ quÃ¡ nhiá»u chá»¯, thÃ´ng tin Ä‘á»ng láº¡i Ã­t. Äá»c hÆ¡i máº¥t thá»i gian.",3
244,hÆ¡i khÃ³ Ä‘á»c hiá»ƒu nÃªn dá»… chÃ¡n,3
245,KhÃ´ng hay vÃ  ná»™i dung khÃ´ng Ä‘Æ°á»£c nhÆ° tá»±a sÃ¡ch.,1
246,"SÃ¡ch viáº¿t khÃ´ng hay, ko phÃ¹ há»£p",2
247,mÃ¬nh tháº¥y hÃ¬nh thá»©c cÅ©ng á»•n láº¯m vÃ  mua xong má»›i tháº¥y lá»i giá»›i thiá»‡u Ä‘c viáº¿t bá»Ÿi TS LÃª Tháº©m DÆ°Æ¡ng mÃ  mÃ¬nh thÃ¬ ráº¥t thÃ­ch tháº§y . nÃªn mÃ¬nh hy vá»ng sÃ¡ch cx Ä‘Ã¡ng Ä‘á»c . ( lÃ  ng Ä‘áº§u tiÃªn review sÃ¡ch nÃ y nhÃ© ) . ğŸ˜Š,3
248,"Cáº£ cuá»‘n sÃ¡ch khÃ´ng cÃ³ láº¥y 1 cÃ¡i áº£nh minh hoáº¡,Ã­t ra viáº¿t Ä‘áº¿n ngÆ°á»i nÃ o cÃ³ 1 táº¥m áº£nh ngÆ°á»i Ä‘Ã³ chá»© !
Ná»™i dung táº¡m Ä‘Æ°á»£c",2
249,SÃ¡ch cÅ©ng hay nhÆ°ng ko pháº£i lÃ  suáº¥t sáº¯c.,3
250,"con nÃ­t quÃ¡, Ä‘á»c giáº£i trÃ­ thÃ¬ Ä‘Æ°á»£c chá»© khÃ´ng giÃºp Ã­ch gÃ¬ nhiá»u",3
251,"ko cÃ³ gÃ¬ Ä‘áº·c sáº¯c, táº¡m á»•n.",2
252,"sao Ä‘á»c máº¥y trang Ä‘áº§u nghe nÃ³ láº±n nhÃ ng , chÃ¡n cháº£ cÃ³ cáº£m há»©ng Ä‘á»c váº­y trá»i.
TrÃ¬nh bÃ y sÃ¡ch quÃ¡ chÃ¡n , má»™t Ä‘oáº¡n dÃ i dáº±n dáº·c vá»›i cÃ¡c cÃ¢u há»i . 
BÆ°á»›c Ä‘áº§u hÆ¡i bá»‹ tháº¥t vá»ng vá» cÃ¡ch trÃ¬nh bÃ y , cáº£m tháº¥y khÃ´ng cÃ³ há»©ng thÃº .",3
253,"ná»™i dung bÃ¬nh thÆ°á»ng, cÃ³ pháº§n rá»i ráº¡c",2
254,MÃ¬nh tháº¥y sÃ¡ch Ä‘á»c hÆ¡i khÃ³ hiá»ƒu.,1
255,SÃ¡ch nÃ y ko hay láº¯m,3
256,"Ná»™i dung sÃ¡o rá»—ng, thiáº¿u thá»±c táº¿",1
257,Ná»™i dung khÃ´ng hay nhÆ° Ä‘Ã¡nh giÃ¡,3
258,"Cuá»‘n sÃ¡ch má»ng, 1 ná»­a cuá»‘n Ä‘Æ°á»£c viáº¿t nhá»¯ng cÃ¢u chÃ¢m ngÃ´n, 1 ná»­a cuá»‘n Ä‘Æ°á»£c ghi nhá»¯ng lÃ½ luáº­n, triáº¿t lÃ½ vá» cuá»™c sá»‘ng xoay 4 mÃ¹a XuÃ¢n Háº¡ Thu ÄÃ´ng tá»« Ä‘Ã³ dáº«n dá»¥ cho ngÆ°á»i Ä‘á»c tá»›i viá»‡c láº­p káº¿ hoáº¡ch theo mÃ¹a vá»¥. 
Lá»‘i hÃ nh vÄƒn nháº¹ nhÃ ng, dá»… Ä‘á»c, dá»… hiá»ƒu. Vá»›i mÃ¬nh thÃ¬ khÃ´ng thÃ­ch Ä‘á»c chÃ¢m ngÃ´n cho láº¯m nÃªn chá»‰ Ä‘á»c Ä‘Æ°á»£c 1/2 cuá»‘n sÃ¡ch thÃ´i.",3
259,"3 cuá»‘n nÃ y mÃ¬nh chá»‰ Ä‘á»c Ä‘Æ°á»›c Ä‘Ãºng cuá»‘n trÃ­ tuá»‡ cá»§a ngÆ°á»i xÆ°a ká»ƒ vá» cÃ¡c cÃ¢u chuyá»‡n thá»i nhÃ  binh, cÃ²n láº¡i 2 cuá»‘n kia sá»­ dá»¥ng hÃ¡n ngá»¯ , thá»±c sá»± mÃ¬nh chÆ°a Ä‘á»§ trÃ¬nh Ä‘á»ƒ tháº¥u hiá»ƒu, nÃªn khÃ´ng thá»ƒ Ä‘á»c Ä‘Æ°á»£c.",2
260,"chÃ¡n phÃ¨o, Ä‘á»c há»¥t háº«ng tháº¿",2
261,SÃ¡ch ko hay cho láº¯m !!!!!,3
262,SÃ¡ch Äáº¡o lÃ½ lÃ m ngÆ°á»i in sai kiáº¿n thá»©c lá»‹ch sá»­ tráº§m trá»ng. Trang 16 vÃ  17 cá»§a sÃ¡ch Ä‘á» cáº­p Ä‘áº¿n Ä‘iá»ƒn tÃ­ch PHÃ“NG Há»A HÃ CHÆ¯ Háº¦U (Äá»T Lá»¬A TRÃŠU CHÆ¯ Háº¦U) cá»§a Chu U VÆ°Æ¡ng nhÃ  TÃ¢y Chu lÃ  Ä‘á»ƒ lÃ m cho má»¹ nhÃ¢n cá»§a Ã´ng lÃ  nÃ ng Bao Tá»± cÆ°á»i chá»© khÃ´ng pháº£i lÃ  ÄÃ¡t Ká»·. SÃ¡ch in sai kiáº¿n thá»©c nhÆ° váº­y nhá»¯ng ai khÃ´ng biáº¿t Ä‘á»c pháº£i thÃ¬ pháº£i lÃ m sao Ä‘Ã¢y???,1
263,vÄƒn phong chÆ°a lÃ´i cuá»‘n láº¯m,3
264,KhÃ´ng hay láº¯m,2
265,"BÃ¬nh thÆ°á»ng, khÃ´ng Ä‘áº·c biá»‡t.",2
266,SÃ¡ch tÃ³m táº¯t nhá»¯ng Ä‘iá»u hay ho nhÆ°ng khÃ´ng hay láº¯m,3
267,:) xÃ©t theo má»™t gÃ³c Ä‘á»™ thÃ¬ hay nhÆ°ng khÃ´ng pháº£i lÃ  chÃ¢n lÃ½,3
268,"Ná»™i dung sÃ¡ch táº¡m Ä‘Æ°á»£c, Ä‘á»c xong khÃ´ng Ã¡p dá»¥ng Ä‘Æ°á»£c nhiá»u, hÃ¬nh thá»©c sÃ¡ch Ä‘áº£m báº£o.",3
269,"Äa sá»‘ vá» tráº£i nghiá»‡m cÃ¡ nhÃ¢n , khÃ´ng cÃ³ nghiÃªn cá»©u trÃªn nhá»¯ng ngÆ°á»i khÃ¡c",3
270,"MÃ¬nh mua sÃ¡ch vÃ¬ recommend cá»§a chá»‹ Sun nhÆ°ng kb lÃ  vÃ¬ khÃ´ng há»£p gu cá»§a mÃ¬nh hay sao mÃ  mÃ¬nh Ä‘á»c ko vÃ o. Má»¥c lá»¥c lÃ  má»™t loáº¡t cÃ¡c má»¥c: Äá»«ng+tháº¿ nÃ y tháº¿ kia. RiÃªng mÃ¬nh cáº£m tháº¥y vÄƒn phong hÆ¡i cá»©ng nháº¯c, tháº­m chÃ­ cÃ³ chÃºt kháº¯t khe khi nÃ³i vá» nhá»¯ng ngÆ°á»i lá»›n tuá»•i, tÃ¡c giáº£ nhÆ° váº½ lÃªn má»™t loáº¡t nhá»¯ng ngÆ°á»i thÃ´ lá»— báº¥t lá»‹c sá»± trong cuá»™c sá»‘ng. Náº¿u báº¡n muá»‘n tÃ¬m lá»‘i dáº«n dáº¯t tinh táº¿, láº¡c quan, hoáº·c báº¡n Ä‘Ã£ cÃ³ kiáº¿n thá»©c tÆ°Æ¡ng Ä‘á»‘i vá» kÄ© nÄƒng má»m thÃ¬ mÃ¬nh tháº¥y cuá»‘n nÃ y khÃ´ng cáº§n thiáº¿t.",2
271,"theo quan Ä‘iá»ƒm cá»§a mÃ¬nh ,ná»™i dung lÃ  nhung vÄ‘ nham chÃ¡n, lá»‘i viáº¿t ko háº¥p dáº«n láº¯m.",3
272,"Ná»™i dung ko cÃ³ gÃ¬ Ä‘áº·c sáº¯c, sÃ¡ch in khÃ´ng Ä‘áº¹p.",1
273,cháº¥t lÆ°á»£ng khÃ´ng nhÆ° cam káº¿t,1
274,"TÃ­nh Ä‘áº¿n thá»i Ä‘iá»ƒm nÃ y thÃ¬ mÃ¬nh cáº£m tháº¥y sÃ¡ch viáº¿t hÆ¡i cÃ³ má»™t cÃ¡i j Ä‘Ã³ mÆ¡ há»“, khÃ´ng Ä‘c  nhÆ° ká»³ vá»ng. Tháº¥y cÃ³ chÃºt j há»£p vá»›i ngÆ°á»i lá»›n tuá»•i hÆ¡n mÃ¬nh. Biáº¿t Ä‘Ã¢u má»™t ngÃ y nÃ o Ä‘Ã³ sau nÃ y khi 40 láº¡i tháº¥y hay?",3
275,"Sau khi Ä‘á»c xong, ko tháº¥y áº¥n tÆ°á»£ng láº¯m",2
276,"Äá»c táº¡m á»•n ,khÃ´ng giáº£i quyáº¿t váº¥n Ä‘á» nhÆ° giá»›i thiá»‡u",3
277,"Cháº¥t lÆ°á»£ng in áº¥n: KhÃ´ng tá»‘t. Quyá»ƒn sÃ¡ch khÃ´ng náº·ng, mÃ¬nh láº­t nháº¹ nhÃ ng nhÆ°ng chÆ°a gÃ¬ cÃ¡c trang gáº§n cuá»‘i Ä‘Ã£ bung keo.

Cháº¥t lÆ°á»£ng dá»‹ch: tá»‡, khÃ´ng trÃ´i cháº£y, sáº¯p xáº¿p cÃ¢u cÃº lá»§ng cá»§ng, nhiá»u Ä‘oáº¡n mÃ¬nh Ä‘á»c mÃ£i má»›i hiá»ƒu lÃ  muá»‘n nÃ³i gÃ¬ vÃ  tháº­m chÃ­ cÃ³ Ä‘oáº¡n mÃ¬nh bá» qua vÃ¬ Ä‘á»c Ä‘i Ä‘á»c láº¡i mÃ£i váº«n khÃ´ng hiá»ƒu. VÃ i Ä‘oáº¡n nhÆ° bÃª nguyÃªn tá»« google dá»‹ch vÃ o, dá»‹ch word by word mÃ  khÃ´ng sáº¯p xáº¿p láº¡i ngá»¯ phÃ¡p, vÃ  tháº­m chÃ­ lÃ  dá»‹ch sai ngá»¯ cáº£nh.

Cháº¥t lÆ°á»£ng kiáº¿n thá»©c: 3 sao lÃ  dÃ nh cho tÃ¡c giáº£. Náº¿u mÃ¬nh biáº¿t dá»‹ch tá»‡ tháº¿ nÃ y thÃ¬ mÃ¬nh thÃ  Ä‘á»c báº£n gá»‘c tiáº¿ng Anh.",3
278,"cuá»‘n nÃ³i vá» Ã³c sÃ¡ng suá»‘t, thuáº­t tÆ° tÆ°á»Ÿng gáº§n nhÆ° mÃ¬nh Ä‘á»c cÅ©ng khÃ´ng hiá»ƒu Ä‘Æ°á»£c nhiá»u, vÃ  theo mÃ¬nh nghÄ© nÃ³ mang kiur thá»i phong kiáº¿n ngÃ y xÆ°a tÆ° tÆ°á»Ÿng nho giÃ¡o thÆ¡ ca, nÃªn mÃ¬nh khÃ´ng hiá»ƒu láº¯m.",2
279,sÃ¡ch bÃ¬nh thÆ°á»ng. khÃ´ng thÃº vá»‹ máº¥y,3
280,"sÃ¡ch Ä‘á»c cÅ©ng Ä‘Æ°á»£c, ngáº¯n gá»n",3
281,"sÃ¡ch hay, ná»™i dung dá»… Ä‘á»c.",1
282,sÃ¡ch ráº¥t hay vÃ  Ã½ nghÄ©a..,3
283,SÃ¡ch cÃ³ ná»™i dung bá»• Ã­ch,3
284,KhÃ´ng thÃ­ch láº¯m.,3
285,ko hay giÃ¡ hÆ¡i máº¯c vÃ  hÆ¡i chÃ¡n,1
286,SÃ¡ch chÆ°a Ä‘á»c nÃªn khÃ´ng biáº¿t nháº­n xÃ©t tháº¿ nÃ o. NhÆ°ng Ä‘c cÃ¡i mÃ¬nh thÃ­ch,3
287,"Lá»—i chÃ­nh táº£ trong sÃ¡ch khÃ¡ nhiá»u, nhiá»u cÃ¢u chuyá»‡n Ä‘á»c nhÆ° google dá»‹ch, mong ráº±ng nhÃ  xuáº¥t báº£n Ä‘á»c Ä‘Æ°á»£c nhá»¯ng dÃ²ng nÃ y",2
288,"Cuá»‘n sÃ¡ch nhá» má»ng vÃ  hÆ¡i tháº¥t vá»ng vÃ¬ thiáº¿u cÄƒn cá»© khoa há»c, hÆ¡i thiÃªn vá» cáº£m tÃ­nh tÃ´n giÃ¡o. 
RiÃªng mÃ¬nh thÃ¬ tháº¥y k cÃ³ giÃ¡ trá»‹ gÃ¬ nhiá»u",3
289,"CÃ¡c báº¡n nhÃ¬n vÃ o áº£nh má»¥c lá»¥c mÃ¬nh Ä‘Ã£ chá»¥p Ä‘á»ƒ biáº¿t rÃµ hÆ¡n review cá»§a mÃ¬nh nhÃ©! 
á» pháº§n Ä‘áº§u, tá»« lá»i má»Ÿ Ä‘áº¿n háº¿t chÆ°Æ¡ng 1, mÃ¬nh tháº¥y sÃ¡ch viáº¿t á»•n, khÃ´ng cÃ³ gÃ¬ Ä‘á»ƒ chÃª. 
Äáº¿n chÆ°Æ¡ng 2 (náº¿u cÃ¡c báº¡n Ä‘á»ƒ Ã½ sá»‘ trang thÃ¬ chÆ°Æ¡ng nÃ y chiáº¿m khoáº£ng 80% quyá»ƒn sÃ¡ch) lÃ  chÆ°Æ¡ng ""Ä‘á»‹nh vá»‹ báº£n thÃ¢n"". Theo cáº£m nháº­n cá»§a mÃ¬nh thÃ¬ pháº§n nÃ y viáº¿t nhÆ° kiá»ƒu máº¥y quyá»ƒn sÃ¡ch self-help. NhÆ°ng cÃ³ láº½ lÃ  mÃ¬nh Ä‘Ã£ quen vá»›i vÄƒn phong má»›i máº» vÃ  cuá»‘n hÃºt ngÆ°á»i Ä‘á»c cá»§a thá»ƒ loáº¡i self-help, nÃªn mÃ¬nh tháº¥y cÃ¡ch viáº¿t trong sÃ¡ch nÃ y hÆ¡i.......... vÄƒn máº«u nghá»‹ luáº­n xÃ£ há»™i. NghÄ©a lÃ  khÃ´ng giÃ¡o Ä‘iá»u nhÆ°ng cÅ©ng khÃ´ng help láº¯m mÃ  cáº£m tÆ°á»Ÿng nhÆ° mÃ¬nh Ä‘ang Ä‘á»c tuyá»ƒn táº­p vÄƒn máº«u chia theo cÃ¡c váº¥n Ä‘á» nghá»‹ luáº­n Ä‘á»ƒ Ã´n thi Ä‘áº¡i há»c hÆ¡n... Äiá»u nÃ y khiáº¿n mÃ¬nh khÃ¡ tháº¥t vá»ng. 
Äá»c Ä‘áº¿n chÆ°Æ¡ng 3, lÃ  chÆ°Æ¡ng vá» hÆ°á»›ng nghiá»‡p, vÃ  cÅ©ng lÃ  pháº§n mÃ¬nh mong Ä‘á»£i nháº¥t, thÃ¬ khÃ´ng may láº¡i lÃ  pháº§n mÃ¬nh tháº¥t vá»ng nháº¥t. VÃ¬ náº¿u muá»‘n Ä‘Æ°á»£c hÆ°á»›ng nghiá»‡p, cuá»‘n sÃ¡ch sáº½ dáº«n báº¡n Ä‘áº¿n trang web cá»§a Nova vÃ  Ä‘Æ°a báº¡n vÃ o má»™t quy trÃ¬nh hÆ°á»›ng nghiá»‡p CÃ“ tráº£ phÃ­........ 
Sau sá»± tháº¥t vá»ng nÃ y thÃ¬ mÃ¬nh láº­t Ä‘áº¿n nhá»¯ng trang cuá»‘i cá»§a quyá»ƒn sÃ¡ch Ä‘Æ°á»£c ghi ráº¥t hoa má»¹ (cÃ¡c báº¡n xem Ä‘á» má»¥c trong phá»¥ lá»¥c) thÃ¬ thá»±c cháº¥t toÃ n lÃ  áº£nh mang tÃ­nh giáº¥y tá» chá»©ng nháº­n vÃ  feedback mÃ  Ä‘á»‘i vá»›i mÃ¬nh lÃ  mang mÃ u sáº¯c PR. 

NÃ“I TÃ“M Láº I, quyá»ƒn sÃ¡ch nÃ y Ä‘Æ°á»£c nháº¯c Ä‘i nháº¯c láº¡i lÃ  vá»›i sá»© má»‡nh vÃ¬ má»™t VN hÃ¹ng cÆ°á»ng hÆ¡n, nÃ¢ng cao cháº¥t lÆ°á»£ng nguá»“n nhÃ¢n lá»±c VN...  ThÃ¬ mÃ¬nh tháº¥y lÃ  chá»‰ gÃ³p pháº§n Ráº¤T NHá» mÃ  cÃ¡i 196.000â‚« báº¡n bá» ra Ä‘á»ƒ cáº£m nháº­n Ä‘Æ°á»£c sá»© má»‡nh há» Ä‘ang muá»‘n mang láº¡i, náº±m á»Ÿ pháº§n Dá»ŠCH Vá»¤ HÆ¯á»šNG NGHIá»†P TRáº¢ PHÃ TRÃŠN WEB. Kiá»ƒu nhÆ° cuá»‘n sÃ¡ch vÃ  196.000â‚« cá»§a mÃ¬nh chá»‰ lÃ  bÆ°á»›c mua má»™t kiá»ƒu PR cá»§a Nova, Ä‘á»ƒ biáº¿t Ä‘áº¿n vÃ  click vÃ o xem webpage cá»§a Nova thÃ´i váº­y. 
XÃ©t vá» gÃ³c Ä‘á»™ lÃ  cung cáº¥p ""HÃ nh trang trÃªn Ä‘Æ°á»ng má»›i"" (cháº¯c lÃ  vá»›i sá»± xuáº¥t hiá»‡n hÃ o hÃ¹ng vÃ  dÃ i dáº±ng dáº·c cá»§a chÆ°Æ¡ng 2) nghÄ©a lÃ  xÃ©t vá» gÃ³c Ä‘á»™ self-help book thÃ¬ mÃ¬nh tháº¥y quyá»ƒn sÃ¡ch nÃ y khÃ´ng Ä‘áº·c sáº¯c vÃ  há»i mÃ¬nh cÃ³ muá»‘n giá»›i thiá»‡u cho ngÆ°á»i khÃ¡c khÃ´ng thÃ¬ cÃ¢u tráº£ lá»i cá»§a mÃ¬nh lÃ ... KhÃ´ng áº¡, ká»ƒ cáº£ náº¿u muá»‘n Ä‘á»c vÄƒn máº«u nghá»‹ luáº­n xÃ£ há»™i thÃ¬ mua Ä‘Ãºng loáº¡i á»Ÿ hiá»‡u sÃ¡ch, cÃ³ cháº¥t lÆ°á»£ng vÃ  cÃ²n cÃ³ giÃ¡ cáº£ tÆ°Æ¡ng xá»©ng Ã½ báº¡n.",3
290,MÃ¬nh má»›i mua vá» Ä‘á»c Ä‘Æ°á»£c 1 chÆ°Æ¡ng thÃ¬ tháº¥y chÆ°a phÃ¹ há»£p vá»›i báº£n thÃ¢n. báº¡n nÃ o cáº§n Ä‘á»c thÃ¬ mÃ¬nh Ä‘á»ƒ láº¡i giÃ¡ 100k nhÃ©,2
291,"ğŸğŸÄÃ¢y lÃ  cuá»‘n sÃ¡h Ä‘áº§u tiÃªn mÃ¬nh mua cá»§a dá»‹ch giáº£ Nguyá»…n Hiáº¿n LÃª, nhÆ°ng QuÃ¡ tháº¥t vá»ng khi mua cuá»‘n nÃ y. 

ğŸğŸCuá»‘n sÃ¡ch nÃ³i vÃªd nhá»¯ng váº¥n Ä‘á» thÆ°á»ng gáº·p trong cuá»™c sá»‘ng thÆ°á»ng ngÃ y, tuy khÃ´ng má»›i nhÆ°ng Ä‘Æ°á»£c tÃ¡c giáº£ khai thÃ¡c Ä‘á»ƒ nÃ³i lÃªn.

â˜˜ï¸â˜˜ï¸KhÃ´ng biáº¿t lÃ  ngÆ°á»i dá»‹ch Ä‘Ã£ dá»‹ch nguyÃªn vÄƒn báº£n gá»‘c hay lÃ  cÃ³ chá»‰nh sá»­a gÃ¬ khÃ´ng, mÃ  ngÃ´n tá»« cuá»‘n sÃ¡ch lá»§ng cá»§ng, vÃ²ng do, khÃ´ng máº¡ch láº¡c chÃºt nÃ o, Ä‘á»c ráº¥t khÃ³ hiá»ƒu.",1
292,Giáº¥y ko Ä‘Æ°á»£c Ä‘áº¹p. Ná»™i dung ko hay láº¯m. ToÃ n máº¥y cÃ¡i chung chung,2
293,cÅ©ng táº¡m Ä‘Æ°á»£c,3
294,Ná»™i dung khÃ¡ bÃ¬nh thÆ°á»ng.,2
295,Thá»±c sá»± khÃ´ng cÃ³ gÃ¬ cuá»‘n hÃºt vÃ  Ä‘áº·c sáº¯c trong áº¥n báº£n nÃ y.,2
296,"MÃ¬nh cÅ©ng lÃ  ngÆ°á»i dá»… Ä‘á»c nhÆ°ng tháº­t sá»± cuá»‘n nÃ y nÃ³i quÃ¡ lang mang, ngÃ´n tá»« thÃ¬ lá»§ng cá»§ng vÃ  sá»­ dá»¥ng cÃ¡c cÃ¢u chá»¯ khÃ¡ khÃ³ hiá»ƒu. ToÃ n lÃ½ thuyáº¿t sÃ¡o rá»—ng! ÄÃ¢y lÃ  quan Ä‘iá»ƒm mÃ¬nh cÃ³ thá»ƒ mÃ¬nh khÃ´ng há»£p nhÆ°ng biáº¿t Ä‘Ã¢u phÃ¹ há»£p vá»›i nhiá»u ngÆ°á»i. TrÃ¢n trá»ng!",1
